decision_field,decision_window_fa,option_id,option_fa,selected_paths,selected_share_of_all_paths,end_state,end_state_fa,paths_to_end_state,p_end_given_option,p_end_given_option_percent,overall_end_share,overall_end_percent,difference_percentage_points,lift,note
m1_information,مرحله ۱ / اطلاعات,m1_i_passive,پایش مستمر با ظرفیت موجود,2088000,0.25,escalation_spiral,مارپیچ تشدید,15225,0.007291666666666667,0.729,0.007275502873563219,0.728,0.002,1.0022216736608245,ارتباط در فضای شبیه‌سازی؛ تفسیر علّی مستقیم نشود
m1_information,مرحله ۱ / اطلاعات,m1_i_passive,پایش مستمر با ظرفیت موجود,2088000,0.25,intelligence_failure,شکست اطلاعاتی,162000,0.07758620689655173,7.759,0.07758620689655173,7.759,0.000,1,ارتباط در فضای شبیه‌سازی؛ تفسیر علّی مستقیم نشود
m1_information,مرحله ۱ / اطلاعات,m1_i_passive,پایش مستمر با ظرفیت موجود,2088000,0.25,coalition_fracture,شکاف ائتلافی,6408,0.0030689655172413794,0.307,0.002093390804597701,0.209,0.098,1.4660260809883323,ارتباط در فضای شبیه‌سازی؛ تفسیر علّی مستقیم نشود
m1_information,مرحله ۱ / اطلاعات,m1_i_passive,پایش مستمر با ظرفیت موجود,2088000,0.25,negotiated_deescalation,کاهش تنش مذاکره‌شده,652512,0.3125057471264368,31.251,0.3166551724137931,31.666,-0.415,0.9868960760826165,ارتباط در فضای شبیه‌سازی؛ تفسیر علّی مستقیم نشود
m1_information,مرحله ۱ / اطلاعات,m1_i_passive,پایش مستمر با ظرفیت موجود,2088000,0.25,calm_crisis_control,مهار آرام بحران,10164,0.004867816091954023,0.487,0.0049809626436781605,0.498,-0.011,0.977284199899041,ارتباط در فضای شبیه‌سازی؛ تفسیر علّی مستقیم نشود
m1_information,مرحله ۱ / اطلاعات,m1_i_passive,پایش مستمر با ظرفیت موجود,2088000,0.25,costly_deterrence,بازدارندگی پرهزینه,7575,0.003627873563218391,0.363,0.004049568965517242,0.405,-0.042,0.8958665957069363,ارتباط در فضای شبیه‌سازی؛ تفسیر علّی مستقیم نشود
m1_information,مرحله ۱ / اطلاعات,m1_i_passive,پایش مستمر با ظرفیت موجود,2088000,0.25,persistent_ambiguity,ابهام پایدار,1099137,0.5264066091954023,52.641,0.3905298132183908,39.053,13.588,1.3479293804927177,ارتباط در فضای شبیه‌سازی؛ تفسیر علّی مستقیم نشود
m1_information,مرحله ۱ / اطلاعات,m1_i_passive,پایش مستمر با ظرفیت موجود,2088000,0.25,strategic_information_opportunity,فرصت اطلاعاتی راهبردی,76431,0.03660488505747127,3.660,0.1620944683908046,16.209,-12.549,0.22582439376782468,ارتباط در فضای شبیه‌سازی؛ تفسیر علّی مستقیم نشود
m1_information,مرحله ۱ / اطلاعات,m1_i_passive,پایش مستمر با ظرفیت موجود,2088000,0.25,mixed_crisis_containment,مهار نسبی بحران,58548,0.02804022988505747,2.804,0.03473491379310345,3.473,-0.669,0.8072635519430829,ارتباط در فضای شبیه‌سازی؛ تفسیر علّی مستقیم نشود
m1_protection,مرحله ۱ / حفاظت,m1_p_hold,عدم تغییر وضعیت حفاظتی,2088000,0.25,escalation_spiral,مارپیچ تشدید,4998,0.00239367816091954,0.239,0.007275502873563219,0.728,-0.488,0.32900518390520855,ارتباط در فضای شبیه‌سازی؛ تفسیر علّی مستقیم نشود
m1_protection,مرحله ۱ / حفاظت,m1_p_hold,عدم تغییر وضعیت حفاظتی,2088000,0.25,intelligence_failure,شکست اطلاعاتی,162000,0.07758620689655173,7.759,0.07758620689655173,7.759,0.000,1,ارتباط در فضای شبیه‌سازی؛ تفسیر علّی مستقیم نشود
m1_protection,مرحله ۱ / حفاظت,m1_p_hold,عدم تغییر وضعیت حفاظتی,2088000,0.25,coalition_fracture,شکاف ائتلافی,4560,0.0021839080459770113,0.218,0.002093390804597701,0.209,0.009,1.0432395332875772,ارتباط در فضای شبیه‌سازی؛ تفسیر علّی مستقیم نشود
m1_protection,مرحله ۱ / حفاظت,m1_p_hold,عدم تغییر وضعیت حفاظتی,2088000,0.25,negotiated_deescalation,کاهش تنش مذاکره‌شده,661176,0.3166551724137931,31.666,0.3166551724137931,31.666,0.000,1,ارتباط در فضای شبیه‌سازی؛ تفسیر علّی مستقیم نشود
m1_protection,مرحله ۱ / حفاظت,m1_p_hold,عدم تغییر وضعیت حفاظتی,2088000,0.25,calm_crisis_control,مهار آرام بحران,14643,0.007012931034482759,0.701,0.0049809626436781605,0.498,0.203,1.40794692435278,ارتباط در فضای شبیه‌سازی؛ تفسیر علّی مستقیم نشود
m1_protection,مرحله ۱ / حفاظت,m1_p_hold,عدم تغییر وضعیت حفاظتی,2088000,0.25,costly_deterrence,بازدارندگی پرهزینه,3423,0.001639367816091954,0.164,0.004049568965517242,0.405,-0.241,0.4048252616640057,ارتباط در فضای شبیه‌سازی؛ تفسیر علّی مستقیم نشود
m1_protection,مرحله ۱ / حفاظت,m1_p_hold,عدم تغییر وضعیت حفاظتی,2088000,0.25,persistent_ambiguity,ابهام پایدار,801729,0.3839698275862069,38.397,0.3905298132183908,39.053,-0.656,0.98320234355958,ارتباط در فضای شبیه‌سازی؛ تفسیر علّی مستقیم نشود
m1_protection,مرحله ۱ / حفاظت,m1_p_hold,عدم تغییر وضعیت حفاظتی,2088000,0.25,strategic_information_opportunity,فرصت اطلاعاتی راهبردی,384588,0.18418965517241379,18.419,0.1620944683908046,16.209,2.210,1.1363105539686795,ارتباط در فضای شبیه‌سازی؛ تفسیر علّی مستقیم نشود
m1_protection,مرحله ۱ / حفاظت,m1_p_hold,عدم تغییر وضعیت حفاظتی,2088000,0.25,mixed_crisis_containment,مهار نسبی بحران,50883,0.02436925287356322,2.437,0.03473491379310345,3.473,-1.037,0.7015780438874066,ارتباط در فضای شبیه‌سازی؛ تفسیر علّی مستقیم نشود
m1_communication,مرحله ۱ / ارتباط,m1_c_none,عدم ارسال پیام,1670400,0.2,escalation_spiral,مارپیچ تشدید,4635,0.0027747844827586206,0.277,0.007275502873563219,0.728,-0.450,0.38138731177487034,ارتباط در فضای شبیه‌سازی؛ تفسیر علّی مستقیم نشود
m1_communication,مرحله ۱ / ارتباط,m1_c_none,عدم ارسال پیام,1670400,0.2,intelligence_failure,شکست اطلاعاتی,129600,0.07758620689655173,7.759,0.07758620689655173,7.759,0.000,1,ارتباط در فضای شبیه‌سازی؛ تفسیر علّی مستقیم نشود
m1_communication,مرحله ۱ / ارتباط,m1_c_none,عدم ارسال پیام,1670400,0.2,coalition_fracture,شکاف ائتلافی,0,0,0.000,0.002093390804597701,0.209,-0.209,0,ارتباط در فضای شبیه‌سازی؛ تفسیر علّی مستقیم نشود
m1_communication,مرحله ۱ / ارتباط,m1_c_none,عدم ارسال پیام,1670400,0.2,negotiated_deescalation,کاهش تنش مذاکره‌شده,529920,0.31724137931034485,31.724,0.3166551724137931,31.666,0.059,1.001851246869215,ارتباط در فضای شبیه‌سازی؛ تفسیر علّی مستقیم نشود
m1_communication,مرحله ۱ / ارتباط,m1_c_none,عدم ارسال پیام,1670400,0.2,calm_crisis_control,مهار آرام بحران,8571,0.00513110632183908,0.513,0.0049809626436781605,0.498,0.015,1.0301435061657171,ارتباط در فضای شبیه‌سازی؛ تفسیر علّی مستقیم نشود
m1_communication,مرحله ۱ / ارتباط,m1_c_none,عدم ارسال پیام,1670400,0.2,costly_deterrence,بازدارندگی پرهزینه,5586,0.003344109195402299,0.334,0.004049568965517242,0.405,-0.071,0.8257938619833245,ارتباط در فضای شبیه‌سازی؛ تفسیر علّی مستقیم نشود
m1_communication,مرحله ۱ / ارتباط,m1_c_none,عدم ارسال پیام,1670400,0.2,persistent_ambiguity,ابهام پایدار,635724,0.38058189655172414,38.058,0.3905298132183908,39.053,-0.995,0.9745271261502803,ارتباط در فضای شبیه‌سازی؛ تفسیر علّی مستقیم نشود
m1_communication,مرحله ۱ / ارتباط,m1_c_none,عدم ارسال پیام,1670400,0.2,strategic_information_opportunity,فرصت اطلاعاتی راهبردی,302715,0.18122306034482757,18.122,0.1620944683908046,16.209,1.913,1.118008912604621,ارتباط در فضای شبیه‌سازی؛ تفسیر علّی مستقیم نشود
m1_communication,مرحله ۱ / ارتباط,m1_c_none,عدم ارسال پیام,1670400,0.2,mixed_crisis_containment,مهار نسبی بحران,53649,0.032117456896551724,3.212,0.03473491379310345,3.473,-0.262,0.9246447850096171,ارتباط در فضای شبیه‌سازی؛ تفسیر علّی مستقیم نشود
m2_investigation,مرحله ۲ / بررسی علت,m2_a_technical_diagnostics,عیب‌یابی فنی,1670400,0.2,escalation_spiral,مارپیچ تشدید,12315,0.007372485632183908,0.737,0.007275502873563219,0.728,0.010,1.013330041964947,ارتباط در فضای شبیه‌سازی؛ تفسیر علّی مستقیم نشود
m2_investigation,مرحله ۲ / بررسی علت,m2_a_technical_diagnostics,عیب‌یابی فنی,1670400,0.2,intelligence_failure,شکست اطلاعاتی,129600,0.07758620689655173,7.759,0.07758620689655173,7.759,0.000,1,ارتباط در فضای شبیه‌سازی؛ تفسیر علّی مستقیم نشود
m2_investigation,مرحله ۲ / بررسی علت,m2_a_technical_diagnostics,عیب‌یابی فنی,1670400,0.2,coalition_fracture,شکاف ائتلافی,5832,0.0034913793103448277,0.349,0.002093390804597701,0.209,0.140,1.6678105696636927,ارتباط در فضای شبیه‌سازی؛ تفسیر علّی مستقیم نشود
m2_investigation,مرحله ۲ / بررسی علت,m2_a_technical_diagnostics,عیب‌یابی فنی,1670400,0.2,negotiated_deescalation,کاهش تنش مذاکره‌شده,521952,0.3124712643678161,31.247,0.3166551724137931,31.666,-0.418,0.9867871792079568,ارتباط در فضای شبیه‌سازی؛ تفسیر علّی مستقیم نشود
m2_investigation,مرحله ۲ / بررسی علت,m2_a_technical_diagnostics,عیب‌یابی فنی,1670400,0.2,calm_crisis_control,مهار آرام بحران,8082,0.004838362068965517,0.484,0.0049809626436781605,0.498,-0.014,0.9713708805076802,ارتباط در فضای شبیه‌سازی؛ تفسیر علّی مستقیم نشود
m2_investigation,مرحله ۲ / بررسی علت,m2_a_technical_diagnostics,عیب‌یابی فنی,1670400,0.2,costly_deterrence,بازدارندگی پرهزینه,6495,0.0038882902298850576,0.389,0.004049568965517242,0.405,-0.016,0.9601738513393648,ارتباط در فضای شبیه‌سازی؛ تفسیر علّی مستقیم نشود
m2_investigation,مرحله ۲ / بررسی علت,m2_a_technical_diagnostics,عیب‌یابی فنی,1670400,0.2,persistent_ambiguity,ابهام پایدار,734895,0.43995150862068966,43.995,0.3905298132183908,39.053,4.942,1.1265503777932093,ارتباط در فضای شبیه‌سازی؛ تفسیر علّی مستقیم نشود
m2_investigation,مرحله ۲ / بررسی علت,m2_a_technical_diagnostics,عیب‌یابی فنی,1670400,0.2,strategic_information_opportunity,فرصت اطلاعاتی راهبردی,251229,0.1504005028735632,15.040,0.1620944683908046,16.209,-1.169,0.9278570969550447,ارتباط در فضای شبیه‌سازی؛ تفسیر علّی مستقیم نشود
m2_investigation,مرحله ۲ / بررسی علت,m2_a_technical_diagnostics,عیب‌یابی فنی,1670400,0.2,mixed_crisis_containment,مهار نسبی بحران,0,0,0.000,0.03473491379310345,3.473,-3.473,0,ارتباط در فضای شبیه‌سازی؛ تفسیر علّی مستقیم نشود
m2_mission,مرحله ۲ / تداوم مأموریت,m2_m_continue_normal,ادامه مأموریت عادی,1670400,0.2,escalation_spiral,مارپیچ تشدید,11574,0.006928879310344828,0.693,0.007275502873563219,0.728,-0.035,0.9523574426067637,ارتباط در فضای شبیه‌سازی؛ تفسیر علّی مستقیم نشود
m2_mission,مرحله ۲ / تداوم مأموریت,m2_m_continue_normal,ادامه مأموریت عادی,1670400,0.2,intelligence_failure,شکست اطلاعاتی,129600,0.07758620689655173,7.759,0.07758620689655173,7.759,0.000,1,ارتباط در فضای شبیه‌سازی؛ تفسیر علّی مستقیم نشود
m2_mission,مرحله ۲ / تداوم مأموریت,m2_m_continue_normal,ادامه مأموریت عادی,1670400,0.2,coalition_fracture,شکاف ائتلافی,2820,0.0016882183908045977,0.169,0.002093390804597701,0.209,-0.041,0.8064516129032259,ارتباط در فضای شبیه‌سازی؛ تفسیر علّی مستقیم نشود
m2_mission,مرحله ۲ / تداوم مأموریت,m2_m_continue_normal,ادامه مأموریت عادی,1670400,0.2,negotiated_deescalation,کاهش تنش مذاکره‌شده,523824,0.3135919540229885,31.359,0.3166551724137931,31.666,-0.306,0.9903263276343969,ارتباط در فضای شبیه‌سازی؛ تفسیر علّی مستقیم نشود
m2_mission,مرحله ۲ / تداوم مأموریت,m2_m_continue_normal,ادامه مأموریت عادی,1670400,0.2,calm_crisis_control,مهار آرام بحران,6996,0.0041882183908045975,0.419,0.0049809626436781605,0.498,-0.079,0.8408451719910579,ارتباط در فضای شبیه‌سازی؛ تفسیر علّی مستقیم نشود
m2_mission,مرحله ۲ / تداوم مأموریت,m2_m_continue_normal,ادامه مأموریت عادی,1670400,0.2,costly_deterrence,بازدارندگی پرهزینه,2583,0.0015463362068965517,0.155,0.004049568965517242,0.405,-0.250,0.3818520489622139,ارتباط در فضای شبیه‌سازی؛ تفسیر علّی مستقیم نشود
m2_mission,مرحله ۲ / تداوم مأموریت,m2_m_continue_normal,ادامه مأموریت عادی,1670400,0.2,persistent_ambiguity,ابهام پایدار,656460,0.3929956896551724,39.300,0.3905298132183908,39.053,0.247,1.006314182306493,ارتباط در فضای شبیه‌سازی؛ تفسیر علّی مستقیم نشود
m2_mission,مرحله ۲ / تداوم مأموریت,m2_m_continue_normal,ادامه مأموریت عادی,1670400,0.2,strategic_information_opportunity,فرصت اطلاعاتی راهبردی,277830,0.16632543103448275,16.633,0.1620944683908046,16.209,0.423,1.0261018323800997,ارتباط در فضای شبیه‌سازی؛ تفسیر علّی مستقیم نشود
m2_mission,مرحله ۲ / تداوم مأموریت,m2_m_continue_normal,ادامه مأموریت عادی,1670400,0.2,mixed_crisis_containment,مهار نسبی بحران,58713,0.03514906609195402,3.515,0.03473491379310345,3.473,0.041,1.011923228061467,ارتباط در فضای شبیه‌سازی؛ تفسیر علّی مستقیم نشود
m2_response,مرحله ۲ / پاسخ,m2_r_no_counteraction,عدم اقدام متقابل,1248000,0.14942528735632185,escalation_spiral,مارپیچ تشدید,6393,0.005122596153846154,0.512,0.007275502873563219,0.728,-0.215,0.7040882593091924,ارتباط در فضای شبیه‌سازی؛ تفسیر علّی مستقیم نشود
m2_response,مرحله ۲ / پاسخ,m2_r_no_counteraction,عدم اقدام متقابل,1248000,0.14942528735632185,intelligence_failure,شکست اطلاعاتی,120000,0.09615384615384616,9.615,0.07758620689655173,7.759,1.857,1.2393162393162394,ارتباط در فضای شبیه‌سازی؛ تفسیر علّی مستقیم نشود
m2_response,مرحله ۲ / پاسخ,m2_r_no_counteraction,عدم اقدام متقابل,1248000,0.14942528735632185,coalition_fracture,شکاف ائتلافی,0,0,0.000,0.002093390804597701,0.209,-0.209,0,ارتباط در فضای شبیه‌سازی؛ تفسیر علّی مستقیم نشود
m2_response,مرحله ۲ / پاسخ,m2_r_no_counteraction,عدم اقدام متقابل,1248000,0.14942528735632185,negotiated_deescalation,کاهش تنش مذاکره‌شده,438000,0.35096153846153844,35.096,0.3166551724137931,31.666,3.431,1.1083398252623995,ارتباط در فضای شبیه‌سازی؛ تفسیر علّی مستقیم نشود
m2_response,مرحله ۲ / پاسخ,m2_r_no_counteraction,عدم اقدام متقابل,1248000,0.14942528735632185,calm_crisis_control,مهار آرام بحران,3072,0.0024615384615384616,0.246,0.0049809626436781605,0.498,-0.252,0.49418930388137866,ارتباط در فضای شبیه‌سازی؛ تفسیر علّی مستقیم نشود
m2_response,مرحله ۲ / پاسخ,m2_r_no_counteraction,عدم اقدام متقابل,1248000,0.14942528735632185,costly_deterrence,بازدارندگی پرهزینه,3090,0.0024759615384615384,0.248,0.004049568965517242,0.405,-0.157,0.6114135997052441,ارتباط در فضای شبیه‌سازی؛ تفسیر علّی مستقیم نشود
m2_response,مرحله ۲ / پاسخ,m2_r_no_counteraction,عدم اقدام متقابل,1248000,0.14942528735632185,persistent_ambiguity,ابهام پایدار,457374,0.36648557692307693,36.649,0.3905298132183908,39.053,-2.404,0.9384317522466129,ارتباط در فضای شبیه‌سازی؛ تفسیر علّی مستقیم نشود
m2_response,مرحله ۲ / پاسخ,m2_r_no_counteraction,عدم اقدام متقابل,1248000,0.14942528735632185,strategic_information_opportunity,فرصت اطلاعاتی راهبردی,184353,0.14771875,14.772,0.1620944683908046,16.209,-1.438,0.9113127145329525,ارتباط در فضای شبیه‌سازی؛ تفسیر علّی مستقیم نشود
m2_response,مرحله ۲ / پاسخ,m2_r_no_counteraction,عدم اقدام متقابل,1248000,0.14942528735632185,mixed_crisis_containment,مهار نسبی بحران,35718,0.02862019230769231,2.862,0.03473491379310345,3.473,-0.611,0.8239603667412813,ارتباط در فضای شبیه‌سازی؛ تفسیر علّی مستقیم نشود
m3_threshold,مرحله ۳ / آستانه اقدام,m3_t_insufficient,شواهد برای اقدام کافی نیست,2784000,0.3333333333333333,escalation_spiral,مارپیچ تشدید,20255,0.007275502873563219,0.728,0.007275502873563219,0.728,0.000,1,ارتباط در فضای شبیه‌سازی؛ تفسیر علّی مستقیم نشود
m3_threshold,مرحله ۳ / آستانه اقدام,m3_t_insufficient,شواهد برای اقدام کافی نیست,2784000,0.3333333333333333,intelligence_failure,شکست اطلاعاتی,216000,0.07758620689655173,7.759,0.07758620689655173,7.759,0.000,1,ارتباط در فضای شبیه‌سازی؛ تفسیر علّی مستقیم نشود
m3_threshold,مرحله ۳ / آستانه اقدام,m3_t_insufficient,شواهد برای اقدام کافی نیست,2784000,0.3333333333333333,coalition_fracture,شکاف ائتلافی,5828,0.002093390804597701,0.209,0.002093390804597701,0.209,0.000,1,ارتباط در فضای شبیه‌سازی؛ تفسیر علّی مستقیم نشود
m3_threshold,مرحله ۳ / آستانه اقدام,m3_t_insufficient,شواهد برای اقدام کافی نیست,2784000,0.3333333333333333,negotiated_deescalation,کاهش تنش مذاکره‌شده,881568,0.3166551724137931,31.666,0.3166551724137931,31.666,0.000,1,ارتباط در فضای شبیه‌سازی؛ تفسیر علّی مستقیم نشود
m3_threshold,مرحله ۳ / آستانه اقدام,m3_t_insufficient,شواهد برای اقدام کافی نیست,2784000,0.3333333333333333,calm_crisis_control,مهار آرام بحران,13867,0.0049809626436781605,0.498,0.0049809626436781605,0.498,0.000,1,ارتباط در فضای شبیه‌سازی؛ تفسیر علّی مستقیم نشود
m3_threshold,مرحله ۳ / آستانه اقدام,m3_t_insufficient,شواهد برای اقدام کافی نیست,2784000,0.3333333333333333,costly_deterrence,بازدارندگی پرهزینه,11274,0.004049568965517242,0.405,0.004049568965517242,0.405,0.000,1,ارتباط در فضای شبیه‌سازی؛ تفسیر علّی مستقیم نشود
m3_threshold,مرحله ۳ / آستانه اقدام,m3_t_insufficient,شواهد برای اقدام کافی نیست,2784000,0.3333333333333333,persistent_ambiguity,ابهام پایدار,1087235,0.3905298132183908,39.053,0.3905298132183908,39.053,0.000,1,ارتباط در فضای شبیه‌سازی؛ تفسیر علّی مستقیم نشود
m3_threshold,مرحله ۳ / آستانه اقدام,m3_t_insufficient,شواهد برای اقدام کافی نیست,2784000,0.3333333333333333,strategic_information_opportunity,فرصت اطلاعاتی راهبردی,451271,0.1620944683908046,16.209,0.1620944683908046,16.209,0.000,1,ارتباط در فضای شبیه‌سازی؛ تفسیر علّی مستقیم نشود
m3_threshold,مرحله ۳ / آستانه اقدام,m3_t_insufficient,شواهد برای اقدام کافی نیست,2784000,0.3333333333333333,mixed_crisis_containment,مهار نسبی بحران,96702,0.03473491379310345,3.473,0.03473491379310345,3.473,0.000,1,ارتباط در فضای شبیه‌سازی؛ تفسیر علّی مستقیم نشود
m3_coa,مرحله ۳ / مسیر اقدام,m3_coa_contain_understand,مهار و شناخت,1368000,0.16379310344827586,escalation_spiral,مارپیچ تشدید,1740,0.0012719298245614035,0.127,0.007275502873563219,0.728,-0.600,0.17482363029271525,ارتباط در فضای شبیه‌سازی؛ تفسیر علّی مستقیم نشود
m3_coa,مرحله ۳ / مسیر اقدام,m3_coa_contain_understand,مهار و شناخت,1368000,0.16379310344827586,intelligence_failure,شکست اطلاعاتی,126000,0.09210526315789473,9.211,0.07758620689655173,7.759,1.452,1.1871345029239766,ارتباط در فضای شبیه‌سازی؛ تفسیر علّی مستقیم نشود
m3_coa,مرحله ۳ / مسیر اقدام,m3_coa_contain_understand,مهار و شناخت,1368000,0.16379310344827586,coalition_fracture,شکاف ائتلافی,2364,0.0017280701754385965,0.173,0.002093390804597701,0.209,-0.037,0.8254885669905719,ارتباط در فضای شبیه‌سازی؛ تفسیر علّی مستقیم نشود
m3_coa,مرحله ۳ / مسیر اقدام,m3_coa_contain_understand,مهار و شناخت,1368000,0.16379310344827586,negotiated_deescalation,کاهش تنش مذاکره‌شده,294000,0.2149122807017544,21.491,0.3166551724137931,31.666,-10.174,0.6786949951378501,ارتباط در فضای شبیه‌سازی؛ تفسیر علّی مستقیم نشود
m3_coa,مرحله ۳ / مسیر اقدام,m3_coa_contain_understand,مهار و شناخت,1368000,0.16379310344827586,calm_crisis_control,مهار آرام بحران,8610,0.006293859649122807,0.629,0.0049809626436781605,0.498,0.131,1.2635829857328835,ارتباط در فضای شبیه‌سازی؛ تفسیر علّی مستقیم نشود
m3_coa,مرحله ۳ / مسیر اقدام,m3_coa_contain_understand,مهار و شناخت,1368000,0.16379310344827586,costly_deterrence,بازدارندگی پرهزینه,1800,0.0013157894736842105,0.132,0.004049568965517242,0.405,-0.273,0.3249208705638497,ارتباط در فضای شبیه‌سازی؛ تفسیر علّی مستقیم نشود
m3_coa,مرحله ۳ / مسیر اقدام,m3_coa_contain_understand,مهار و شناخت,1368000,0.16379310344827586,persistent_ambiguity,ابهام پایدار,581328,0.42494736842105263,42.495,0.3905298132183908,39.053,3.442,1.0881304167766954,ارتباط در فضای شبیه‌سازی؛ تفسیر علّی مستقیم نشود
m3_coa,مرحله ۳ / مسیر اقدام,m3_coa_contain_understand,مهار و شناخت,1368000,0.16379310344827586,strategic_information_opportunity,فرصت اطلاعاتی راهبردی,319326,0.23342543859649123,23.343,0.1620944683908046,16.209,7.133,1.4400580162532748,ارتباط در فضای شبیه‌سازی؛ تفسیر علّی مستقیم نشود
m3_coa,مرحله ۳ / مسیر اقدام,m3_coa_contain_understand,مهار و شناخت,1368000,0.16379310344827586,mixed_crisis_containment,مهار نسبی بحران,32832,0.024,2.400,0.03473491379310345,3.473,-1.073,0.6909474467953093,ارتباط در فضای شبیه‌سازی؛ تفسیر علّی مستقیم نشود
m3_information,مرحله ۳ / سیاست اطلاعاتی,m3_info_keep_restricted,حفظ اطلاعات در سطح محدود,2088000,0.25,escalation_spiral,مارپیچ تشدید,6720,0.003218390804597701,0.322,0.007275502873563219,0.728,-0.406,0.44235991113305356,ارتباط در فضای شبیه‌سازی؛ تفسیر علّی مستقیم نشود
m3_information,مرحله ۳ / سیاست اطلاعاتی,m3_info_keep_restricted,حفظ اطلاعات در سطح محدود,2088000,0.25,intelligence_failure,شکست اطلاعاتی,0,0,0.000,0.07758620689655173,7.759,-7.759,0,ارتباط در فضای شبیه‌سازی؛ تفسیر علّی مستقیم نشود
m3_information,مرحله ۳ / سیاست اطلاعاتی,m3_info_keep_restricted,حفظ اطلاعات در سطح محدود,2088000,0.25,coalition_fracture,شکاف ائتلافی,0,0,0.000,0.002093390804597701,0.209,-0.209,0,ارتباط در فضای شبیه‌سازی؛ تفسیر علّی مستقیم نشود
m3_information,مرحله ۳ / سیاست اطلاعاتی,m3_info_keep_restricted,حفظ اطلاعات در سطح محدود,2088000,0.25,negotiated_deescalation,کاهش تنش مذاکره‌شده,969600,0.46436781609195404,46.437,0.3166551724137931,31.666,14.771,1.4664779120839233,ارتباط در فضای شبیه‌سازی؛ تفسیر علّی مستقیم نشود
m3_information,مرحله ۳ / سیاست اطلاعاتی,m3_info_keep_restricted,حفظ اطلاعات در سطح محدود,2088000,0.25,calm_crisis_control,مهار آرام بحران,19716,0.009442528735632184,0.944,0.0049809626436781605,0.498,0.446,1.8957236604889307,ارتباط در فضای شبیه‌سازی؛ تفسیر علّی مستقیم نشود
m3_information,مرحله ۳ / سیاست اطلاعاتی,m3_info_keep_restricted,حفظ اطلاعات در سطح محدود,2088000,0.25,costly_deterrence,بازدارندگی پرهزینه,11268,0.005396551724137931,0.540,0.004049568965517242,0.405,0.135,1.332623736029803,ارتباط در فضای شبیه‌سازی؛ تفسیر علّی مستقیم نشود
m3_information,مرحله ۳ / سیاست اطلاعاتی,m3_info_keep_restricted,حفظ اطلاعات در سطح محدود,2088000,0.25,persistent_ambiguity,ابهام پایدار,647499,0.31010488505747125,31.010,0.3905298132183908,39.053,-8.042,0.7940620013152629,ارتباط در فضای شبیه‌سازی؛ تفسیر علّی مستقیم نشود
m3_information,مرحله ۳ / سیاست اطلاعاتی,m3_info_keep_restricted,حفظ اطلاعات در سطح محدود,2088000,0.25,strategic_information_opportunity,فرصت اطلاعاتی راهبردی,376539,0.18033477011494253,18.033,0.1620944683908046,16.209,1.824,1.1125288352231808,ارتباط در فضای شبیه‌سازی؛ تفسیر علّی مستقیم نشود
m3_information,مرحله ۳ / سیاست اطلاعاتی,m3_info_keep_restricted,حفظ اطلاعات در سطح محدود,2088000,0.25,mixed_crisis_containment,مهار نسبی بحران,56658,0.02713505747126437,2.714,0.03473491379310345,3.473,-0.760,0.7812041116005873,ارتباط در فضای شبیه‌سازی؛ تفسیر علّی مستقیم نشود
m3_information,مرحله ۳ / سیاست اطلاعاتی,m3_info_share_allies,اشتراک با متحدان,2088000,0.25,escalation_spiral,مارپیچ تشدید,6720,0.003218390804597701,0.322,0.007275502873563219,0.728,-0.406,0.44235991113305356,ارتباط در فضای شبیه‌سازی؛ تفسیر علّی مستقیم نشود
m3_information,مرحله ۳ / سیاست اطلاعاتی,m3_info_share_allies,اشتراک با متحدان,2088000,0.25,intelligence_failure,شکست اطلاعاتی,0,0,0.000,0.07758620689655173,7.759,-7.759,0,ارتباط در فضای شبیه‌سازی؛ تفسیر علّی مستقیم نشود
m3_information,مرحله ۳ / سیاست اطلاعاتی,m3_info_share_allies,اشتراک با متحدان,2088000,0.25,coalition_fracture,شکاف ائتلافی,0,0,0.000,0.002093390804597701,0.209,-0.209,0,ارتباط در فضای شبیه‌سازی؛ تفسیر علّی مستقیم نشود
m3_information,مرحله ۳ / سیاست اطلاعاتی,m3_info_share_allies,اشتراک با متحدان,2088000,0.25,negotiated_deescalation,کاهش تنش مذاکره‌شده,969600,0.46436781609195404,46.437,0.3166551724137931,31.666,14.771,1.4664779120839233,ارتباط در فضای شبیه‌سازی؛ تفسیر علّی مستقیم نشود
m3_information,مرحله ۳ / سیاست اطلاعاتی,m3_info_share_allies,اشتراک با متحدان,2088000,0.25,calm_crisis_control,مهار آرام بحران,19716,0.009442528735632184,0.944,0.0049809626436781605,0.498,0.446,1.8957236604889307,ارتباط در فضای شبیه‌سازی؛ تفسیر علّی مستقیم نشود
m3_information,مرحله ۳ / سیاست اطلاعاتی,m3_info_share_allies,اشتراک با متحدان,2088000,0.25,costly_deterrence,بازدارندگی پرهزینه,14553,0.006969827586206897,0.697,0.004049568965517242,0.405,0.292,1.7211282597126132,ارتباط در فضای شبیه‌سازی؛ تفسیر علّی مستقیم نشود
m3_information,مرحله ۳ / سیاست اطلاعاتی,m3_info_share_allies,اشتراک با متحدان,2088000,0.25,persistent_ambiguity,ابهام پایدار,645513,0.3091537356321839,30.915,0.3905298132183908,39.053,-8.138,0.7916264652995902,ارتباط در فضای شبیه‌سازی؛ تفسیر علّی مستقیم نشود
m3_information,مرحله ۳ / سیاست اطلاعاتی,m3_info_share_allies,اشتراک با متحدان,2088000,0.25,strategic_information_opportunity,فرصت اطلاعاتی راهبردی,375279,0.17973132183908047,17.973,0.1620944683908046,16.209,1.764,1.1088060167837066,ارتباط در فضای شبیه‌سازی؛ تفسیر علّی مستقیم نشود
m3_information,مرحله ۳ / سیاست اطلاعاتی,m3_info_share_allies,اشتراک با متحدان,2088000,0.25,mixed_crisis_containment,مهار نسبی بحران,56619,0.02711637931034483,2.712,0.03473491379310345,3.473,-0.762,0.7806663771173296,ارتباط در فضای شبیه‌سازی؛ تفسیر علّی مستقیم نشود
m3_information,مرحله ۳ / سیاست اطلاعاتی,m3_info_public_partial,انتشار عمومی جزئی,2088000,0.25,escalation_spiral,مارپیچ تشدید,12978,0.00621551724137931,0.622,0.007275502873563219,0.728,-0.106,0.8543075783757096,ارتباط در فضای شبیه‌سازی؛ تفسیر علّی مستقیم نشود
m3_information,مرحله ۳ / سیاست اطلاعاتی,m3_info_public_partial,انتشار عمومی جزئی,2088000,0.25,intelligence_failure,شکست اطلاعاتی,0,0,0.000,0.07758620689655173,7.759,-7.759,0,ارتباط در فضای شبیه‌سازی؛ تفسیر علّی مستقیم نشود
m3_information,مرحله ۳ / سیاست اطلاعاتی,m3_info_public_partial,انتشار عمومی جزئی,2088000,0.25,coalition_fracture,شکاف ائتلافی,0,0,0.000,0.002093390804597701,0.209,-0.209,0,ارتباط در فضای شبیه‌سازی؛ تفسیر علّی مستقیم نشود
m3_information,مرحله ۳ / سیاست اطلاعاتی,m3_info_public_partial,انتشار عمومی جزئی,2088000,0.25,negotiated_deescalation,کاهش تنش مذاکره‌شده,373920,0.17908045977011494,17.908,0.3166551724137931,31.666,-13.757,0.5655377690660278,ارتباط در فضای شبیه‌سازی؛ تفسیر علّی مستقیم نشود
m3_information,مرحله ۳ / سیاست اطلاعاتی,m3_info_public_partial,انتشار عمومی جزئی,2088000,0.25,calm_crisis_control,مهار آرام بحران,2169,0.0010387931034482759,0.104,0.0049809626436781605,0.498,-0.394,0.20855267902213892,ارتباط در فضای شبیه‌سازی؛ تفسیر علّی مستقیم نشود
m3_information,مرحله ۳ / سیاست اطلاعاتی,m3_info_public_partial,انتشار عمومی جزئی,2088000,0.25,costly_deterrence,بازدارندگی پرهزینه,7401,0.0035445402298850573,0.354,0.004049568965517242,0.405,-0.051,0.8752882739045591,ارتباط در فضای شبیه‌سازی؛ تفسیر علّی مستقیم نشود
m3_information,مرحله ۳ / سیاست اطلاعاتی,m3_info_public_partial,انتشار عمومی جزئی,2088000,0.25,persistent_ambiguity,ابهام پایدار,1281891,0.6139324712643678,61.393,0.3905298132183908,39.053,22.340,1.5720502007385706,ارتباط در فضای شبیه‌سازی؛ تفسیر علّی مستقیم نشود
m3_information,مرحله ۳ / سیاست اطلاعاتی,m3_info_public_partial,انتشار عمومی جزئی,2088000,0.25,strategic_information_opportunity,فرصت اطلاعاتی راهبردی,335529,0.16069396551724138,16.069,0.1620944683908046,16.209,-0.140,0.9913599588717201,ارتباط در فضای شبیه‌سازی؛ تفسیر علّی مستقیم نشود
m3_information,مرحله ۳ / سیاست اطلاعاتی,m3_info_public_partial,انتشار عمومی جزئی,2088000,0.25,mixed_crisis_containment,مهار نسبی بحران,74112,0.03549425287356322,3.549,0.03473491379310345,3.473,0.076,1.0218609749539822,ارتباط در فضای شبیه‌سازی؛ تفسیر علّی مستقیم نشود
m3_information,مرحله ۳ / سیاست اطلاعاتی,m3_info_public_attribution,انتساب عمومی,2088000,0.25,escalation_spiral,مارپیچ تشدید,34347,0.01644971264367816,1.645,0.007275502873563219,0.728,0.917,2.260972599358183,ارتباط در فضای شبیه‌سازی؛ تفسیر علّی مستقیم نشود
m3_information,مرحله ۳ / سیاست اطلاعاتی,m3_info_public_attribution,انتساب عمومی,2088000,0.25,intelligence_failure,شکست اطلاعاتی,648000,0.3103448275862069,31.034,0.07758620689655173,7.759,23.276,4,ارتباط در فضای شبیه‌سازی؛ تفسیر علّی مستقیم نشود
m3_information,مرحله ۳ / سیاست اطلاعاتی,m3_info_public_attribution,انتساب عمومی,2088000,0.25,coalition_fracture,شکاف ائتلافی,17484,0.008373563218390804,0.837,0.002093390804597701,0.209,0.628,4,ارتباط در فضای شبیه‌سازی؛ تفسیر علّی مستقیم نشود
m3_information,مرحله ۳ / سیاست اطلاعاتی,m3_info_public_attribution,انتساب عمومی,2088000,0.25,negotiated_deescalation,کاهش تنش مذاکره‌شده,331584,0.15880459770114944,15.880,0.3166551724137931,31.666,-15.785,0.5015064067661259,ارتباط در فضای شبیه‌سازی؛ تفسیر علّی مستقیم نشود
m3_information,مرحله ۳ / سیاست اطلاعاتی,m3_info_public_attribution,انتساب عمومی,2088000,0.25,calm_crisis_control,مهار آرام بحران,0,0,0.000,0.0049809626436781605,0.498,-0.498,0,ارتباط در فضای شبیه‌سازی؛ تفسیر علّی مستقیم نشود
m3_information,مرحله ۳ / سیاست اطلاعاتی,m3_info_public_attribution,انتساب عمومی,2088000,0.25,costly_deterrence,بازدارندگی پرهزینه,600,0.00028735632183908046,0.029,0.004049568965517242,0.405,-0.376,0.07095973035302465,ارتباط در فضای شبیه‌سازی؛ تفسیر علّی مستقیم نشود
m3_information,مرحله ۳ / سیاست اطلاعاتی,m3_info_public_attribution,انتساب عمومی,2088000,0.25,persistent_ambiguity,ابهام پایدار,686802,0.32892816091954025,32.893,0.3905298132183908,39.053,-6.160,0.842261332646576,ارتباط در فضای شبیه‌سازی؛ تفسیر علّی مستقیم نشود
m3_information,مرحله ۳ / سیاست اطلاعاتی,m3_info_public_attribution,انتساب عمومی,2088000,0.25,strategic_information_opportunity,فرصت اطلاعاتی راهبردی,266466,0.12761781609195402,12.762,0.1620944683908046,16.209,-3.448,0.7873051891213927,ارتباط در فضای شبیه‌سازی؛ تفسیر علّی مستقیم نشود
m3_information,مرحله ۳ / سیاست اطلاعاتی,m3_info_public_attribution,انتساب عمومی,2088000,0.25,mixed_crisis_containment,مهار نسبی بحران,102717,0.04919396551724138,4.919,0.03473491379310345,3.473,1.446,1.4162685363281007,ارتباط در فضای شبیه‌سازی؛ تفسیر علّی مستقیم نشود
m3_coa,مرحله ۳ / مسیر اقدام,m3_coa_controlled_deterrence,بازدارندگی کنترل‌شده,1368000,0.16379310344827586,escalation_spiral,مارپیچ تشدید,11025,0.00805921052631579,0.806,0.007275502873563219,0.728,0.078,1.1077186919409112,ارتباط در فضای شبیه‌سازی؛ تفسیر علّی مستقیم نشود
m3_coa,مرحله ۳ / مسیر اقدام,m3_coa_controlled_deterrence,بازدارندگی کنترل‌شده,1368000,0.16379310344827586,intelligence_failure,شکست اطلاعاتی,126000,0.09210526315789473,9.211,0.07758620689655173,7.759,1.452,1.1871345029239766,ارتباط در فضای شبیه‌سازی؛ تفسیر علّی مستقیم نشود
m3_coa,مرحله ۳ / مسیر اقدام,m3_coa_controlled_deterrence,بازدارندگی کنترل‌شده,1368000,0.16379310344827586,coalition_fracture,شکاف ائتلافی,2040,0.0014912280701754386,0.149,0.002093390804597701,0.209,-0.060,0.7123505400426254,ارتباط در فضای شبیه‌سازی؛ تفسیر علّی مستقیم نشود
m3_coa,مرحله ۳ / مسیر اقدام,m3_coa_controlled_deterrence,بازدارندگی کنترل‌شده,1368000,0.16379310344827586,negotiated_deescalation,کاهش تنش مذاکره‌شده,294000,0.2149122807017544,21.491,0.3166551724137931,31.666,-10.174,0.6786949951378501,ارتباط در فضای شبیه‌سازی؛ تفسیر علّی مستقیم نشود
m3_coa,مرحله ۳ / مسیر اقدام,m3_coa_controlled_deterrence,بازدارندگی کنترل‌شده,1368000,0.16379310344827586,calm_crisis_control,مهار آرام بحران,8598,0.006285087719298246,0.629,0.0049809626436781605,0.498,0.130,1.2618218944635695,ارتباط در فضای شبیه‌سازی؛ تفسیر علّی مستقیم نشود
m3_coa,مرحله ۳ / مسیر اقدام,m3_coa_controlled_deterrence,بازدارندگی کنترل‌شده,1368000,0.16379310344827586,costly_deterrence,بازدارندگی پرهزینه,2538,0.0018552631578947368,0.186,0.004049568965517242,0.405,-0.219,0.4581384274950281,ارتباط در فضای شبیه‌سازی؛ تفسیر علّی مستقیم نشود
m3_coa,مرحله ۳ / مسیر اقدام,m3_coa_controlled_deterrence,بازدارندگی کنترل‌شده,1368000,0.16379310344827586,persistent_ambiguity,ابهام پایدار,671805,0.4910855263157895,49.109,0.3905298132183908,39.053,10.056,1.2574853690905443,ارتباط در فضای شبیه‌سازی؛ تفسیر علّی مستقیم نشود
m3_coa,مرحله ۳ / مسیر اقدام,m3_coa_controlled_deterrence,بازدارندگی کنترل‌شده,1368000,0.16379310344827586,strategic_information_opportunity,فرصت اطلاعاتی راهبردی,186144,0.13607017543859648,13.607,0.1620944683908046,16.209,-2.602,0.8394498392785102,ارتباط در فضای شبیه‌سازی؛ تفسیر علّی مستقیم نشود
m3_coa,مرحله ۳ / مسیر اقدام,m3_coa_controlled_deterrence,بازدارندگی کنترل‌شده,1368000,0.16379310344827586,mixed_crisis_containment,مهار نسبی بحران,65850,0.0481359649122807,4.814,0.03473491379310345,3.473,1.340,1.385809252298706,ارتباط در فضای شبیه‌سازی؛ تفسیر علّی مستقیم نشود
m3_coa,مرحله ۳ / مسیر اقدام,m3_coa_coordinated_response,پاسخ هماهنگ ائتلافی,1368000,0.16379310344827586,escalation_spiral,مارپیچ تشدید,7908,0.005780701754385965,0.578,0.007275502873563219,0.728,-0.149,0.7945432576751679,ارتباط در فضای شبیه‌سازی؛ تفسیر علّی مستقیم نشود
m3_coa,مرحله ۳ / مسیر اقدام,m3_coa_coordinated_response,پاسخ هماهنگ ائتلافی,1368000,0.16379310344827586,intelligence_failure,شکست اطلاعاتی,126000,0.09210526315789473,9.211,0.07758620689655173,7.759,1.452,1.1871345029239766,ارتباط در فضای شبیه‌سازی؛ تفسیر علّی مستقیم نشود
m3_coa,مرحله ۳ / مسیر اقدام,m3_coa_coordinated_response,پاسخ هماهنگ ائتلافی,1368000,0.16379310344827586,coalition_fracture,شکاف ائتلافی,720,0.0005263157894736842,0.053,0.002093390804597701,0.209,-0.157,0.2514178376621031,ارتباط در فضای شبیه‌سازی؛ تفسیر علّی مستقیم نشود
m3_coa,مرحله ۳ / مسیر اقدام,m3_coa_coordinated_response,پاسخ هماهنگ ائتلافی,1368000,0.16379310344827586,negotiated_deescalation,کاهش تنش مذاکره‌شده,320400,0.23421052631578948,23.421,0.3166551724137931,31.666,-8.244,0.7396390355175754,ارتباط در فضای شبیه‌سازی؛ تفسیر علّی مستقیم نشود
m3_coa,مرحله ۳ / مسیر اقدام,m3_coa_coordinated_response,پاسخ هماهنگ ائتلافی,1368000,0.16379310344827586,calm_crisis_control,مهار آرام بحران,18669,0.013646929824561404,1.365,0.0049809626436781605,0.498,0.867,2.7398177422354477,ارتباط در فضای شبیه‌سازی؛ تفسیر علّی مستقیم نشود
m3_coa,مرحله ۳ / مسیر اقدام,m3_coa_coordinated_response,پاسخ هماهنگ ائتلافی,1368000,0.16379310344827586,costly_deterrence,بازدارندگی پرهزینه,23619,0.017265350877192984,1.727,0.004049568965517242,0.405,1.322,4.263503356581982,ارتباط در فضای شبیه‌سازی؛ تفسیر علّی مستقیم نشود
m3_coa,مرحله ۳ / مسیر اقدام,m3_coa_coordinated_response,پاسخ هماهنگ ائتلافی,1368000,0.16379310344827586,persistent_ambiguity,ابهام پایدار,640536,0.4682280701754386,46.823,0.3905298132183908,39.053,7.770,1.1989560190468675,ارتباط در فضای شبیه‌سازی؛ تفسیر علّی مستقیم نشود
m3_coa,مرحله ۳ / مسیر اقدام,m3_coa_coordinated_response,پاسخ هماهنگ ائتلافی,1368000,0.16379310344827586,strategic_information_opportunity,فرصت اطلاعاتی راهبردی,178854,0.13074122807017544,13.074,0.1620944683908046,16.209,-3.135,0.8065742734351828,ارتباط در فضای شبیه‌سازی؛ تفسیر علّی مستقیم نشود
m3_coa,مرحله ۳ / مسیر اقدام,m3_coa_coordinated_response,پاسخ هماهنگ ائتلافی,1368000,0.16379310344827586,mixed_crisis_containment,مهار نسبی بحران,51294,0.03749561403508772,3.750,0.03473491379310345,3.473,0.276,1.079479115981926,ارتباط در فضای شبیه‌سازی؛ تفسیر علّی مستقیم نشود
m3_coa,مرحله ۳ / مسیر اقدام,m3_coa_negotiated_deescalation,کاهش تنش مذاکره‌شده,2880000,0.3448275862068966,escalation_spiral,مارپیچ تشدید,1140,0.0003958333333333333,0.040,0.007275502873563219,0.728,-0.688,0.0544063194273019,ارتباط در فضای شبیه‌سازی؛ تفسیر علّی مستقیم نشود
m3_coa,مرحله ۳ / مسیر اقدام,m3_coa_negotiated_deescalation,کاهش تنش مذاکره‌شده,2880000,0.3448275862068966,intelligence_failure,شکست اطلاعاتی,144000,0.05,5.000,0.07758620689655173,7.759,-2.759,0.6444444444444445,ارتباط در فضای شبیه‌سازی؛ تفسیر علّی مستقیم نشود
m3_coa,مرحله ۳ / مسیر اقدام,m3_coa_negotiated_deescalation,کاهش تنش مذاکره‌شده,2880000,0.3448275862068966,coalition_fracture,شکاف ائتلافی,10536,0.0036583333333333333,0.366,0.002093390804597701,0.209,0.156,1.747563486616335,ارتباط در فضای شبیه‌سازی؛ تفسیر علّی مستقیم نشود
m3_coa,مرحله ۳ / مسیر اقدام,m3_coa_negotiated_deescalation,کاهش تنش مذاکره‌شده,2880000,0.3448275862068966,negotiated_deescalation,کاهش تنش مذاکره‌شده,1442304,0.5008,50.080,0.3166551724137931,31.666,18.414,1.5815310900577155,ارتباط در فضای شبیه‌سازی؛ تفسیر علّی مستقیم نشود
m3_coa,مرحله ۳ / مسیر اقدام,m3_coa_negotiated_deescalation,کاهش تنش مذاکره‌شده,2880000,0.3448275862068966,calm_crisis_control,مهار آرام بحران,0,0,0.000,0.0049809626436781605,0.498,-0.498,0,ارتباط در فضای شبیه‌سازی؛ تفسیر علّی مستقیم نشود
m3_coa,مرحله ۳ / مسیر اقدام,m3_coa_negotiated_deescalation,کاهش تنش مذاکره‌شده,2880000,0.3448275862068966,costly_deterrence,بازدارندگی پرهزینه,0,0,0.000,0.004049568965517242,0.405,-0.405,0,ارتباط در فضای شبیه‌سازی؛ تفسیر علّی مستقیم نشود
m3_coa,مرحله ۳ / مسیر اقدام,m3_coa_negotiated_deescalation,کاهش تنش مذاکره‌شده,2880000,0.3448275862068966,persistent_ambiguity,ابهام پایدار,688080,0.23891666666666667,23.892,0.3905298132183908,39.053,-15.161,0.6117757430546295,ارتباط در فضای شبیه‌سازی؛ تفسیر علّی مستقیم نشود
m3_coa,مرحله ۳ / مسیر اقدام,m3_coa_negotiated_deescalation,کاهش تنش مذاکره‌شده,2880000,0.3448275862068966,strategic_information_opportunity,فرصت اطلاعاتی راهبردی,551499,0.19149270833333334,19.149,0.1620944683908046,16.209,2.940,1.1813648561507388,ارتباط در فضای شبیه‌سازی؛ تفسیر علّی مستقیم نشود
m3_coa,مرحله ۳ / مسیر اقدام,m3_coa_negotiated_deescalation,کاهش تنش مذاکره‌شده,2880000,0.3448275862068966,mixed_crisis_containment,مهار نسبی بحران,42441,0.014736458333333334,1.474,0.03473491379310345,3.473,-2.000,0.42425492750925525,ارتباط در فضای شبیه‌سازی؛ تفسیر علّی مستقیم نشود
m3_offramp,مرحله ۳ / مسیر کاهش تنش,accept_as_interim,پذیرش موقت,1584000,0.1896551724137931,escalation_spiral,مارپیچ تشدید,612,0.00038636363636363635,0.039,0.007275502873563219,0.728,-0.689,0.053104732838131996,ارتباط در فضای شبیه‌سازی؛ تفسیر علّی مستقیم نشود
m3_offramp,مرحله ۳ / مسیر کاهش تنش,accept_as_interim,پذیرش موقت,1584000,0.1896551724137931,intelligence_failure,شکست اطلاعاتی,156000,0.09848484848484848,9.848,0.07758620689655173,7.759,2.090,1.2693602693602692,ارتباط در فضای شبیه‌سازی؛ تفسیر علّی مستقیم نشود
m3_offramp,مرحله ۳ / مسیر کاهش تنش,accept_as_interim,پذیرش موقت,1584000,0.1896551724137931,coalition_fracture,شکاف ائتلافی,2688,0.001696969696969697,0.170,0.002093390804597701,0.209,-0.040,0.8106320584014476,ارتباط در فضای شبیه‌سازی؛ تفسیر علّی مستقیم نشود
m3_offramp,مرحله ۳ / مسیر کاهش تنش,accept_as_interim,پذیرش موقت,1584000,0.1896551724137931,negotiated_deescalation,کاهش تنش مذاکره‌شده,805176,0.5083181818181818,50.832,0.3166551724137931,31.666,19.166,1.6052735786482928,ارتباط در فضای شبیه‌سازی؛ تفسیر علّی مستقیم نشود
m3_offramp,مرحله ۳ / مسیر کاهش تنش,accept_as_interim,پذیرش موقت,1584000,0.1896551724137931,calm_crisis_control,مهار آرام بحران,0,0,0.000,0.0049809626436781605,0.498,-0.498,0,ارتباط در فضای شبیه‌سازی؛ تفسیر علّی مستقیم نشود
m3_offramp,مرحله ۳ / مسیر کاهش تنش,accept_as_interim,پذیرش موقت,1584000,0.1896551724137931,costly_deterrence,بازدارندگی پرهزینه,0,0,0.000,0.004049568965517242,0.405,-0.405,0,ارتباط در فضای شبیه‌سازی؛ تفسیر علّی مستقیم نشود
m3_offramp,مرحله ۳ / مسیر کاهش تنش,accept_as_interim,پذیرش موقت,1584000,0.1896551724137931,persistent_ambiguity,ابهام پایدار,364929,0.23038446969696968,23.038,0.3905298132183908,39.053,-16.015,0.5899279949931373,ارتباط در فضای شبیه‌سازی؛ تفسیر علّی مستقیم نشود
m3_offramp,مرحله ۳ / مسیر کاهش تنش,accept_as_interim,پذیرش موقت,1584000,0.1896551724137931,strategic_information_opportunity,فرصت اطلاعاتی راهبردی,238341,0.15046780303030302,15.047,0.1620944683908046,16.209,-1.163,0.928272287907629,ارتباط در فضای شبیه‌سازی؛ تفسیر علّی مستقیم نشود
m3_offramp,مرحله ۳ / مسیر کاهش تنش,accept_as_interim,پذیرش موقت,1584000,0.1896551724137931,mixed_crisis_containment,مهار نسبی بحران,16254,0.010261363636363636,1.026,0.03473491379310345,3.473,-2.447,0.29541929188265353,ارتباط در فضای شبیه‌سازی؛ تفسیر علّی مستقیم نشود
m3_offramp,مرحله ۳ / مسیر کاهش تنش,renegotiate_terms,مذاکره مجدد شروط,1584000,0.1896551724137931,escalation_spiral,مارپیچ تشدید,1188,0.00075,0.075,0.007275502873563219,0.728,-0.653,0.10308565786225624,ارتباط در فضای شبیه‌سازی؛ تفسیر علّی مستقیم نشود
m3_offramp,مرحله ۳ / مسیر کاهش تنش,renegotiate_terms,مذاکره مجدد شروط,1584000,0.1896551724137931,intelligence_failure,شکست اطلاعاتی,156000,0.09848484848484848,9.848,0.07758620689655173,7.759,2.090,1.2693602693602692,ارتباط در فضای شبیه‌سازی؛ تفسیر علّی مستقیم نشود
m3_offramp,مرحله ۳ / مسیر کاهش تنش,renegotiate_terms,مذاکره مجدد شروط,1584000,0.1896551724137931,coalition_fracture,شکاف ائتلافی,2688,0.001696969696969697,0.170,0.002093390804597701,0.209,-0.040,0.8106320584014476,ارتباط در فضای شبیه‌سازی؛ تفسیر علّی مستقیم نشود
m3_offramp,مرحله ۳ / مسیر کاهش تنش,renegotiate_terms,مذاکره مجدد شروط,1584000,0.1896551724137931,negotiated_deescalation,کاهش تنش مذاکره‌شده,613176,0.3871060606060606,38.711,0.3166551724137931,31.666,7.045,1.2224845646929934,ارتباط در فضای شبیه‌سازی؛ تفسیر علّی مستقیم نشود
m3_offramp,مرحله ۳ / مسیر کاهش تنش,renegotiate_terms,مذاکره مجدد شروط,1584000,0.1896551724137931,calm_crisis_control,مهار آرام بحران,0,0,0.000,0.0049809626436781605,0.498,-0.498,0,ارتباط در فضای شبیه‌سازی؛ تفسیر علّی مستقیم نشود
m3_offramp,مرحله ۳ / مسیر کاهش تنش,renegotiate_terms,مذاکره مجدد شروط,1584000,0.1896551724137931,costly_deterrence,بازدارندگی پرهزینه,0,0,0.000,0.004049568965517242,0.405,-0.405,0,ارتباط در فضای شبیه‌سازی؛ تفسیر علّی مستقیم نشود
m3_offramp,مرحله ۳ / مسیر کاهش تنش,renegotiate_terms,مذاکره مجدد شروط,1584000,0.1896551724137931,persistent_ambiguity,ابهام پایدار,526374,0.3323068181818182,33.231,0.3905298132183908,39.053,-5.822,0.850912803412493,ارتباط در فضای شبیه‌سازی؛ تفسیر علّی مستقیم نشود
m3_offramp,مرحله ۳ / مسیر کاهش تنش,renegotiate_terms,مذاکره مجدد شروط,1584000,0.1896551724137931,strategic_information_opportunity,فرصت اطلاعاتی راهبردی,259176,0.1636212121212121,16.362,0.1620944683908046,16.209,0.153,1.0094188515225984,ارتباط در فضای شبیه‌سازی؛ تفسیر علّی مستقیم نشود
m3_offramp,مرحله ۳ / مسیر کاهش تنش,renegotiate_terms,مذاکره مجدد شروط,1584000,0.1896551724137931,mixed_crisis_containment,مهار نسبی بحران,25398,0.016034090909090908,1.603,0.03473491379310345,3.473,-1.870,0.4616130906383434,ارتباط در فضای شبیه‌سازی؛ تفسیر علّی مستقیم نشود
m3_offramp,مرحله ۳ / مسیر کاهش تنش,keep_channel_open_no_commitment,باز نگه‌داشتن کانال بدون تعهد,1584000,0.1896551724137931,escalation_spiral,مارپیچ تشدید,1776,0.0011212121212121212,0.112,0.007275502873563219,0.728,-0.615,0.15410785215771639,ارتباط در فضای شبیه‌سازی؛ تفسیر علّی مستقیم نشود
m3_offramp,مرحله ۳ / مسیر کاهش تنش,keep_channel_open_no_commitment,باز نگه‌داشتن کانال بدون تعهد,1584000,0.1896551724137931,intelligence_failure,شکست اطلاعاتی,156000,0.09848484848484848,9.848,0.07758620689655173,7.759,2.090,1.2693602693602692,ارتباط در فضای شبیه‌سازی؛ تفسیر علّی مستقیم نشود
m3_offramp,مرحله ۳ / مسیر کاهش تنش,keep_channel_open_no_commitment,باز نگه‌داشتن کانال بدون تعهد,1584000,0.1896551724137931,coalition_fracture,شکاف ائتلافی,2661,0.0016799242424242425,0.168,0.002093390804597701,0.209,-0.041,0.8024895488862546,ارتباط در فضای شبیه‌سازی؛ تفسیر علّی مستقیم نشود
m3_offramp,مرحله ۳ / مسیر کاهش تنش,keep_channel_open_no_commitment,باز نگه‌داشتن کانال بدون تعهد,1584000,0.1896551724137931,negotiated_deescalation,کاهش تنش مذاکره‌شده,613176,0.3871060606060606,38.711,0.3166551724137931,31.666,7.045,1.2224845646929934,ارتباط در فضای شبیه‌سازی؛ تفسیر علّی مستقیم نشود
m3_offramp,مرحله ۳ / مسیر کاهش تنش,keep_channel_open_no_commitment,باز نگه‌داشتن کانال بدون تعهد,1584000,0.1896551724137931,calm_crisis_control,مهار آرام بحران,0,0,0.000,0.0049809626436781605,0.498,-0.498,0,ارتباط در فضای شبیه‌سازی؛ تفسیر علّی مستقیم نشود
m3_offramp,مرحله ۳ / مسیر کاهش تنش,keep_channel_open_no_commitment,باز نگه‌داشتن کانال بدون تعهد,1584000,0.1896551724137931,costly_deterrence,بازدارندگی پرهزینه,0,0,0.000,0.004049568965517242,0.405,-0.405,0,ارتباط در فضای شبیه‌سازی؛ تفسیر علّی مستقیم نشود
m3_offramp,مرحله ۳ / مسیر کاهش تنش,keep_channel_open_no_commitment,باز نگه‌داشتن کانال بدون تعهد,1584000,0.1896551724137931,persistent_ambiguity,ابهام پایدار,532158,0.33595833333333336,33.596,0.3905298132183908,39.053,-5.457,0.8602629606294868,ارتباط در فضای شبیه‌سازی؛ تفسیر علّی مستقیم نشود
m3_offramp,مرحله ۳ / مسیر کاهش تنش,keep_channel_open_no_commitment,باز نگه‌داشتن کانال بدون تعهد,1584000,0.1896551724137931,strategic_information_opportunity,فرصت اطلاعاتی راهبردی,248385,0.1568087121212121,15.681,0.1620944683908046,16.209,-0.529,0.9673908904969619,ارتباط در فضای شبیه‌سازی؛ تفسیر علّی مستقیم نشود
m3_offramp,مرحله ۳ / مسیر کاهش تنش,keep_channel_open_no_commitment,باز نگه‌داشتن کانال بدون تعهد,1584000,0.1896551724137931,mixed_crisis_containment,مهار نسبی بحران,29844,0.018840909090909092,1.884,0.03473491379310345,3.473,-1.589,0.5424199179860903,ارتباط در فضای شبیه‌سازی؛ تفسیر علّی مستقیم نشود
m3_offramp,مرحله ۳ / مسیر کاهش تنش,reject,رد مسیر کاهش تنش,1584000,0.1896551724137931,escalation_spiral,مارپیچ تشدید,5592,0.0035303030303030303,0.353,0.007275502873563219,0.728,-0.375,0.4852314804425394,ارتباط در فضای شبیه‌سازی؛ تفسیر علّی مستقیم نشود
m3_offramp,مرحله ۳ / مسیر کاهش تنش,reject,رد مسیر کاهش تنش,1584000,0.1896551724137931,intelligence_failure,شکست اطلاعاتی,156000,0.09848484848484848,9.848,0.07758620689655173,7.759,2.090,1.2693602693602692,ارتباط در فضای شبیه‌سازی؛ تفسیر علّی مستقیم نشود
m3_offramp,مرحله ۳ / مسیر کاهش تنش,reject,رد مسیر کاهش تنش,1584000,0.1896551724137931,coalition_fracture,شکاف ائتلافی,2499,0.0015776515151515152,0.158,0.002093390804597701,0.209,-0.052,0.7536344917950958,ارتباط در فضای شبیه‌سازی؛ تفسیر علّی مستقیم نشود
m3_offramp,مرحله ۳ / مسیر کاهش تنش,reject,رد مسیر کاهش تنش,1584000,0.1896551724137931,negotiated_deescalation,کاهش تنش مذاکره‌شده,613176,0.3871060606060606,38.711,0.3166551724137931,31.666,7.045,1.2224845646929934,ارتباط در فضای شبیه‌سازی؛ تفسیر علّی مستقیم نشود
m3_offramp,مرحله ۳ / مسیر کاهش تنش,reject,رد مسیر کاهش تنش,1584000,0.1896551724137931,calm_crisis_control,مهار آرام بحران,0,0,0.000,0.0049809626436781605,0.498,-0.498,0,ارتباط در فضای شبیه‌سازی؛ تفسیر علّی مستقیم نشود
m3_offramp,مرحله ۳ / مسیر کاهش تنش,reject,رد مسیر کاهش تنش,1584000,0.1896551724137931,costly_deterrence,بازدارندگی پرهزینه,0,0,0.000,0.004049568965517242,0.405,-0.405,0,ارتباط در فضای شبیه‌سازی؛ تفسیر علّی مستقیم نشود
m3_offramp,مرحله ۳ / مسیر کاهش تنش,reject,رد مسیر کاهش تنش,1584000,0.1896551724137931,persistent_ambiguity,ابهام پایدار,546942,0.34529166666666666,34.529,0.3905298132183908,39.053,-4.524,0.884162117665454,ارتباط در فضای شبیه‌سازی؛ تفسیر علّی مستقیم نشود
m3_offramp,مرحله ۳ / مسیر کاهش تنش,reject,رد مسیر کاهش تنش,1584000,0.1896551724137931,strategic_information_opportunity,فرصت اطلاعاتی راهبردی,216588,0.1367348484848485,13.673,0.1620944683908046,16.209,-2.536,0.8435503681420214,ارتباط در فضای شبیه‌سازی؛ تفسیر علّی مستقیم نشود
m3_offramp,مرحله ۳ / مسیر کاهش تنش,reject,رد مسیر کاهش تنش,1584000,0.1896551724137931,mixed_crisis_containment,مهار نسبی بحران,43203,0.027274621212121212,2.727,0.03473491379310345,3.473,-0.746,0.7852220787010139,ارتباط در فضای شبیه‌سازی؛ تفسیر علّی مستقیم نشود
m3_coa,مرحله ۳ / مسیر اقدام,m3_coa_unilateral_strong,اقدام یک‌جانبه قوی‌تر,1368000,0.16379310344827586,escalation_spiral,مارپیچ تشدید,38952,0.028473684210526314,2.847,0.007275502873563219,0.728,2.120,3.9136379581389904,ارتباط در فضای شبیه‌سازی؛ تفسیر علّی مستقیم نشود
m3_coa,مرحله ۳ / مسیر اقدام,m3_coa_unilateral_strong,اقدام یک‌جانبه قوی‌تر,1368000,0.16379310344827586,intelligence_failure,شکست اطلاعاتی,126000,0.09210526315789473,9.211,0.07758620689655173,7.759,1.452,1.1871345029239766,ارتباط در فضای شبیه‌سازی؛ تفسیر علّی مستقیم نشود
m3_coa,مرحله ۳ / مسیر اقدام,m3_coa_unilateral_strong,اقدام یک‌جانبه قوی‌تر,1368000,0.16379310344827586,coalition_fracture,شکاف ائتلافی,1824,0.0013333333333333333,0.133,0.002093390804597701,0.209,-0.076,0.6369251887439945,ارتباط در فضای شبیه‌سازی؛ تفسیر علّی مستقیم نشود
m3_coa,مرحله ۳ / مسیر اقدام,m3_coa_unilateral_strong,اقدام یک‌جانبه قوی‌تر,1368000,0.16379310344827586,negotiated_deescalation,کاهش تنش مذاکره‌شده,294000,0.2149122807017544,21.491,0.3166551724137931,31.666,-10.174,0.6786949951378501,ارتباط در فضای شبیه‌سازی؛ تفسیر علّی مستقیم نشود
m3_coa,مرحله ۳ / مسیر اقدام,m3_coa_unilateral_strong,اقدام یک‌جانبه قوی‌تر,1368000,0.16379310344827586,calm_crisis_control,مهار آرام بحران,5724,0.004184210526315789,0.418,0.0049809626436781605,0.498,-0.080,0.8400405354628369,ارتباط در فضای شبیه‌سازی؛ تفسیر علّی مستقیم نشود
m3_coa,مرحله ۳ / مسیر اقدام,m3_coa_unilateral_strong,اقدام یک‌جانبه قوی‌تر,1368000,0.16379310344827586,costly_deterrence,بازدارندگی پرهزینه,5865,0.004287280701754386,0.429,0.004049568965517242,0.405,0.024,1.058700503253877,ارتباط در فضای شبیه‌سازی؛ تفسیر علّی مستقیم نشود
m3_coa,مرحله ۳ / مسیر اقدام,m3_coa_unilateral_strong,اقدام یک‌جانبه قوی‌تر,1368000,0.16379310344827586,persistent_ambiguity,ابهام پایدار,679956,0.4970438596491228,49.704,0.3905298132183908,39.053,10.651,1.2727424202340412,ارتباط در فضای شبیه‌سازی؛ تفسیر علّی مستقیم نشود
m3_coa,مرحله ۳ / مسیر اقدام,m3_coa_unilateral_strong,اقدام یک‌جانبه قوی‌تر,1368000,0.16379310344827586,strategic_information_opportunity,فرصت اطلاعاتی راهبردی,117990,0.08625,8.625,0.1620944683908046,16.209,-7.584,0.532097121242003,ارتباط در فضای شبیه‌سازی؛ تفسیر علّی مستقیم نشود
m3_coa,مرحله ۳ / مسیر اقدام,m3_coa_unilateral_strong,اقدام یک‌جانبه قوی‌تر,1368000,0.16379310344827586,mixed_crisis_containment,مهار نسبی بحران,97689,0.07141008771929824,7.141,0.03473491379310345,3.473,3.668,2.055859074378258,ارتباط در فضای شبیه‌سازی؛ تفسیر علّی مستقیم نشود
m3_threshold,مرحله ۳ / آستانه اقدام,m3_t_sufficient_limited,برای اقدام محدود و برگشت‌پذیر کافی است,2784000,0.3333333333333333,escalation_spiral,مارپیچ تشدید,20255,0.007275502873563219,0.728,0.007275502873563219,0.728,0.000,1,ارتباط در فضای شبیه‌سازی؛ تفسیر علّی مستقیم نشود
m3_threshold,مرحله ۳ / آستانه اقدام,m3_t_sufficient_limited,برای اقدام محدود و برگشت‌پذیر کافی است,2784000,0.3333333333333333,intelligence_failure,شکست اطلاعاتی,216000,0.07758620689655173,7.759,0.07758620689655173,7.759,0.000,1,ارتباط در فضای شبیه‌سازی؛ تفسیر علّی مستقیم نشود
m3_threshold,مرحله ۳ / آستانه اقدام,m3_t_sufficient_limited,برای اقدام محدود و برگشت‌پذیر کافی است,2784000,0.3333333333333333,coalition_fracture,شکاف ائتلافی,5828,0.002093390804597701,0.209,0.002093390804597701,0.209,0.000,1,ارتباط در فضای شبیه‌سازی؛ تفسیر علّی مستقیم نشود
m3_threshold,مرحله ۳ / آستانه اقدام,m3_t_sufficient_limited,برای اقدام محدود و برگشت‌پذیر کافی است,2784000,0.3333333333333333,negotiated_deescalation,کاهش تنش مذاکره‌شده,881568,0.3166551724137931,31.666,0.3166551724137931,31.666,0.000,1,ارتباط در فضای شبیه‌سازی؛ تفسیر علّی مستقیم نشود
m3_threshold,مرحله ۳ / آستانه اقدام,m3_t_sufficient_limited,برای اقدام محدود و برگشت‌پذیر کافی است,2784000,0.3333333333333333,calm_crisis_control,مهار آرام بحران,13867,0.0049809626436781605,0.498,0.0049809626436781605,0.498,0.000,1,ارتباط در فضای شبیه‌سازی؛ تفسیر علّی مستقیم نشود
m3_threshold,مرحله ۳ / آستانه اقدام,m3_t_sufficient_limited,برای اقدام محدود و برگشت‌پذیر کافی است,2784000,0.3333333333333333,costly_deterrence,بازدارندگی پرهزینه,11274,0.004049568965517242,0.405,0.004049568965517242,0.405,0.000,1,ارتباط در فضای شبیه‌سازی؛ تفسیر علّی مستقیم نشود
m3_threshold,مرحله ۳ / آستانه اقدام,m3_t_sufficient_limited,برای اقدام محدود و برگشت‌پذیر کافی است,2784000,0.3333333333333333,persistent_ambiguity,ابهام پایدار,1087235,0.3905298132183908,39.053,0.3905298132183908,39.053,0.000,1,ارتباط در فضای شبیه‌سازی؛ تفسیر علّی مستقیم نشود
m3_threshold,مرحله ۳ / آستانه اقدام,m3_t_sufficient_limited,برای اقدام محدود و برگشت‌پذیر کافی است,2784000,0.3333333333333333,strategic_information_opportunity,فرصت اطلاعاتی راهبردی,451271,0.1620944683908046,16.209,0.1620944683908046,16.209,0.000,1,ارتباط در فضای شبیه‌سازی؛ تفسیر علّی مستقیم نشود
m3_threshold,مرحله ۳ / آستانه اقدام,m3_t_sufficient_limited,برای اقدام محدود و برگشت‌پذیر کافی است,2784000,0.3333333333333333,mixed_crisis_containment,مهار نسبی بحران,96702,0.03473491379310345,3.473,0.03473491379310345,3.473,0.000,1,ارتباط در فضای شبیه‌سازی؛ تفسیر علّی مستقیم نشود
m3_threshold,مرحله ۳ / آستانه اقدام,m3_t_sufficient_strong,برای اقدام گسترده‌تر کافی است,2784000,0.3333333333333333,escalation_spiral,مارپیچ تشدید,20255,0.007275502873563219,0.728,0.007275502873563219,0.728,0.000,1,ارتباط در فضای شبیه‌سازی؛ تفسیر علّی مستقیم نشود
m3_threshold,مرحله ۳ / آستانه اقدام,m3_t_sufficient_strong,برای اقدام گسترده‌تر کافی است,2784000,0.3333333333333333,intelligence_failure,شکست اطلاعاتی,216000,0.07758620689655173,7.759,0.07758620689655173,7.759,0.000,1,ارتباط در فضای شبیه‌سازی؛ تفسیر علّی مستقیم نشود
m3_threshold,مرحله ۳ / آستانه اقدام,m3_t_sufficient_strong,برای اقدام گسترده‌تر کافی است,2784000,0.3333333333333333,coalition_fracture,شکاف ائتلافی,5828,0.002093390804597701,0.209,0.002093390804597701,0.209,0.000,1,ارتباط در فضای شبیه‌سازی؛ تفسیر علّی مستقیم نشود
m3_threshold,مرحله ۳ / آستانه اقدام,m3_t_sufficient_strong,برای اقدام گسترده‌تر کافی است,2784000,0.3333333333333333,negotiated_deescalation,کاهش تنش مذاکره‌شده,881568,0.3166551724137931,31.666,0.3166551724137931,31.666,0.000,1,ارتباط در فضای شبیه‌سازی؛ تفسیر علّی مستقیم نشود
m3_threshold,مرحله ۳ / آستانه اقدام,m3_t_sufficient_strong,برای اقدام گسترده‌تر کافی است,2784000,0.3333333333333333,calm_crisis_control,مهار آرام بحران,13867,0.0049809626436781605,0.498,0.0049809626436781605,0.498,0.000,1,ارتباط در فضای شبیه‌سازی؛ تفسیر علّی مستقیم نشود
m3_threshold,مرحله ۳ / آستانه اقدام,m3_t_sufficient_strong,برای اقدام گسترده‌تر کافی است,2784000,0.3333333333333333,costly_deterrence,بازدارندگی پرهزینه,11274,0.004049568965517242,0.405,0.004049568965517242,0.405,0.000,1,ارتباط در فضای شبیه‌سازی؛ تفسیر علّی مستقیم نشود
m3_threshold,مرحله ۳ / آستانه اقدام,m3_t_sufficient_strong,برای اقدام گسترده‌تر کافی است,2784000,0.3333333333333333,persistent_ambiguity,ابهام پایدار,1087235,0.3905298132183908,39.053,0.3905298132183908,39.053,0.000,1,ارتباط در فضای شبیه‌سازی؛ تفسیر علّی مستقیم نشود
m3_threshold,مرحله ۳ / آستانه اقدام,m3_t_sufficient_strong,برای اقدام گسترده‌تر کافی است,2784000,0.3333333333333333,strategic_information_opportunity,فرصت اطلاعاتی راهبردی,451271,0.1620944683908046,16.209,0.1620944683908046,16.209,0.000,1,ارتباط در فضای شبیه‌سازی؛ تفسیر علّی مستقیم نشود
m3_threshold,مرحله ۳ / آستانه اقدام,m3_t_sufficient_strong,برای اقدام گسترده‌تر کافی است,2784000,0.3333333333333333,mixed_crisis_containment,مهار نسبی بحران,96702,0.03473491379310345,3.473,0.03473491379310345,3.473,0.000,1,ارتباط در فضای شبیه‌سازی؛ تفسیر علّی مستقیم نشود
m2_response,مرحله ۲ / پاسخ,m2_r_request_explanation,درخواست توضیح رسمی,1248000,0.14942528735632185,escalation_spiral,مارپیچ تشدید,7227,0.005790865384615385,0.579,0.007275502873563219,0.728,-0.148,0.7959402236864591,ارتباط در فضای شبیه‌سازی؛ تفسیر علّی مستقیم نشود
m2_response,مرحله ۲ / پاسخ,m2_r_request_explanation,درخواست توضیح رسمی,1248000,0.14942528735632185,intelligence_failure,شکست اطلاعاتی,120000,0.09615384615384616,9.615,0.07758620689655173,7.759,1.857,1.2393162393162394,ارتباط در فضای شبیه‌سازی؛ تفسیر علّی مستقیم نشود
m2_response,مرحله ۲ / پاسخ,m2_r_request_explanation,درخواست توضیح رسمی,1248000,0.14942528735632185,coalition_fracture,شکاف ائتلافی,0,0,0.000,0.002093390804597701,0.209,-0.209,0,ارتباط در فضای شبیه‌سازی؛ تفسیر علّی مستقیم نشود
m2_response,مرحله ۲ / پاسخ,m2_r_request_explanation,درخواست توضیح رسمی,1248000,0.14942528735632185,negotiated_deescalation,کاهش تنش مذاکره‌شده,438000,0.35096153846153844,35.096,0.3166551724137931,31.666,3.431,1.1083398252623995,ارتباط در فضای شبیه‌سازی؛ تفسیر علّی مستقیم نشود
m2_response,مرحله ۲ / پاسخ,m2_r_request_explanation,درخواست توضیح رسمی,1248000,0.14942528735632185,calm_crisis_control,مهار آرام بحران,2664,0.0021346153846153845,0.213,0.0049809626436781605,0.498,-0.285,0.428554786959633,ارتباط در فضای شبیه‌سازی؛ تفسیر علّی مستقیم نشود
m2_response,مرحله ۲ / پاسخ,m2_r_request_explanation,درخواست توضیح رسمی,1248000,0.14942528735632185,costly_deterrence,بازدارندگی پرهزینه,3570,0.002860576923076923,0.286,0.004049568965517242,0.405,-0.119,0.7063904695623695,ارتباط در فضای شبیه‌سازی؛ تفسیر علّی مستقیم نشود
m2_response,مرحله ۲ / پاسخ,m2_r_request_explanation,درخواست توضیح رسمی,1248000,0.14942528735632185,persistent_ambiguity,ابهام پایدار,460104,0.36867307692307694,36.867,0.3905298132183908,39.053,-2.186,0.9440331171769177,ارتباط در فضای شبیه‌سازی؛ تفسیر علّی مستقیم نشود
m2_response,مرحله ۲ / پاسخ,m2_r_request_explanation,درخواست توضیح رسمی,1248000,0.14942528735632185,strategic_information_opportunity,فرصت اطلاعاتی راهبردی,178119,0.14272355769230768,14.272,0.1620944683908046,16.209,-1.937,0.8804961644231173,ارتباط در فضای شبیه‌سازی؛ تفسیر علّی مستقیم نشود
m2_response,مرحله ۲ / پاسخ,m2_r_request_explanation,درخواست توضیح رسمی,1248000,0.14942528735632185,mixed_crisis_containment,مهار نسبی بحران,38316,0.030701923076923078,3.070,0.03473491379310345,3.473,-0.403,0.8838923067377494,ارتباط در فضای شبیه‌سازی؛ تفسیر علّی مستقیم نشود
m2_response,مرحله ۲ / پاسخ,m2_r_private_warning,هشدار خصوصی,1248000,0.14942528735632185,escalation_spiral,مارپیچ تشدید,10230,0.008197115384615384,0.820,0.007275502873563219,0.728,0.092,1.126673375994531,ارتباط در فضای شبیه‌سازی؛ تفسیر علّی مستقیم نشود
m2_response,مرحله ۲ / پاسخ,m2_r_private_warning,هشدار خصوصی,1248000,0.14942528735632185,intelligence_failure,شکست اطلاعاتی,120000,0.09615384615384616,9.615,0.07758620689655173,7.759,1.857,1.2393162393162394,ارتباط در فضای شبیه‌سازی؛ تفسیر علّی مستقیم نشود
m2_response,مرحله ۲ / پاسخ,m2_r_private_warning,هشدار خصوصی,1248000,0.14942528735632185,coalition_fracture,شکاف ائتلافی,2820,0.0022596153846153847,0.226,0.002093390804597701,0.209,0.017,1.0794044665012408,ارتباط در فضای شبیه‌سازی؛ تفسیر علّی مستقیم نشود
m2_response,مرحله ۲ / پاسخ,m2_r_private_warning,هشدار خصوصی,1248000,0.14942528735632185,negotiated_deescalation,کاهش تنش مذاکره‌شده,437184,0.3503076923076923,35.031,0.3166551724137931,31.666,3.365,1.1062749729851984,ارتباط در فضای شبیه‌سازی؛ تفسیر علّی مستقیم نشود
m2_response,مرحله ۲ / پاسخ,m2_r_private_warning,هشدار خصوصی,1248000,0.14942528735632185,calm_crisis_control,مهار آرام بحران,2172,0.0017403846153846154,0.174,0.0049809626436781605,0.498,-0.324,0.349407281259881,ارتباط در فضای شبیه‌سازی؛ تفسیر علّی مستقیم نشود
m2_response,مرحله ۲ / پاسخ,m2_r_private_warning,هشدار خصوصی,1248000,0.14942528735632185,costly_deterrence,بازدارندگی پرهزینه,4134,0.0033125,0.331,0.004049568965517242,0.405,-0.074,0.8179882916444917,ارتباط در فضای شبیه‌سازی؛ تفسیر علّی مستقیم نشود
m2_response,مرحله ۲ / پاسخ,m2_r_private_warning,هشدار خصوصی,1248000,0.14942528735632185,persistent_ambiguity,ابهام پایدار,460848,0.3692692307692308,36.927,0.3905298132183908,39.053,-2.126,0.9455596430040778,ارتباط در فضای شبیه‌سازی؛ تفسیر علّی مستقیم نشود
m2_response,مرحله ۲ / پاسخ,m2_r_private_warning,هشدار خصوصی,1248000,0.14942528735632185,strategic_information_opportunity,فرصت اطلاعاتی راهبردی,167667,0.1343485576923077,13.435,0.1620944683908046,16.209,-2.775,0.8288287627952707,ارتباط در فضای شبیه‌سازی؛ تفسیر علّی مستقیم نشود
m2_response,مرحله ۲ / پاسخ,m2_r_private_warning,هشدار خصوصی,1248000,0.14942528735632185,mixed_crisis_containment,مهار نسبی بحران,42945,0.03441105769230769,3.441,0.03473491379310345,3.473,-0.032,0.990676352251087,ارتباط در فضای شبیه‌سازی؛ تفسیر علّی مستقیم نشود
m2_response,مرحله ۲ / پاسخ,m2_r_joint_allied_response,پاسخ مشترک با متحدان,960000,0.11494252873563218,escalation_spiral,مارپیچ تشدید,13407,0.013965625,1.397,0.007275502873563219,0.728,0.669,1.9195408541100962,ارتباط در فضای شبیه‌سازی؛ تفسیر علّی مستقیم نشود
m2_response,مرحله ۲ / پاسخ,m2_r_joint_allied_response,پاسخ مشترک با متحدان,960000,0.11494252873563218,intelligence_failure,شکست اطلاعاتی,48000,0.05,5.000,0.07758620689655173,7.759,-2.759,0.6444444444444445,ارتباط در فضای شبیه‌سازی؛ تفسیر علّی مستقیم نشود
m2_response,مرحله ۲ / پاسخ,m2_r_joint_allied_response,پاسخ مشترک با متحدان,960000,0.11494252873563218,coalition_fracture,شکاف ائتلافی,672,0.0007,0.070,0.002093390804597701,0.209,-0.139,0.33438572409059714,ارتباط در فضای شبیه‌سازی؛ تفسیر علّی مستقیم نشود
m2_response,مرحله ۲ / پاسخ,m2_r_joint_allied_response,پاسخ مشترک با متحدان,960000,0.11494252873563218,negotiated_deescalation,کاهش تنش مذاکره‌شده,241200,0.25125,25.125,0.3166551724137931,31.666,-6.541,0.7934498529892191,ارتباط در فضای شبیه‌سازی؛ تفسیر علّی مستقیم نشود
m2_response,مرحله ۲ / پاسخ,m2_r_joint_allied_response,پاسخ مشترک با متحدان,960000,0.11494252873563218,calm_crisis_control,مهار آرام بحران,32733,0.034096875,3.410,0.0049809626436781605,0.498,2.912,6.84543881156703,ارتباط در فضای شبیه‌سازی؛ تفسیر علّی مستقیم نشود
m2_response,مرحله ۲ / پاسخ,m2_r_joint_allied_response,پاسخ مشترک با متحدان,960000,0.11494252873563218,costly_deterrence,بازدارندگی پرهزینه,18231,0.018990625,1.899,0.004049568965517242,0.405,1.494,4.689542309739223,ارتباط در فضای شبیه‌سازی؛ تفسیر علّی مستقیم نشود
m2_response,مرحله ۲ / پاسخ,m2_r_joint_allied_response,پاسخ مشترک با متحدان,960000,0.11494252873563218,persistent_ambiguity,ابهام پایدار,400041,0.416709375,41.671,0.3905298132183908,39.053,2.618,1.0670360133733736,ارتباط در فضای شبیه‌سازی؛ تفسیر علّی مستقیم نشود
m2_response,مرحله ۲ / پاسخ,m2_r_joint_allied_response,پاسخ مشترک با متحدان,960000,0.11494252873563218,strategic_information_opportunity,فرصت اطلاعاتی راهبردی,157821,0.164396875,16.440,0.1620944683908046,16.209,0.230,1.0142041035209441,ارتباط در فضای شبیه‌سازی؛ تفسیر علّی مستقیم نشود
m2_response,مرحله ۲ / پاسخ,m2_r_joint_allied_response,پاسخ مشترک با متحدان,960000,0.11494252873563218,mixed_crisis_containment,مهار نسبی بحران,47895,0.049890625,4.989,0.03473491379310345,3.473,1.516,1.4363249984488429,ارتباط در فضای شبیه‌سازی؛ تفسیر علّی مستقیم نشود
m2_response,مرحله ۲ / پاسخ,m2_r_request_defensive_authority,درخواست اختیار دفاعی,1248000,0.14942528735632185,escalation_spiral,مارپیچ تشدید,15480,0.012403846153846154,1.240,0.007275502873563219,0.728,0.513,1.70487818772193,ارتباط در فضای شبیه‌سازی؛ تفسیر علّی مستقیم نشود
m2_response,مرحله ۲ / پاسخ,m2_r_request_defensive_authority,درخواست اختیار دفاعی,1248000,0.14942528735632185,intelligence_failure,شکست اطلاعاتی,120000,0.09615384615384616,9.615,0.07758620689655173,7.759,1.857,1.2393162393162394,ارتباط در فضای شبیه‌سازی؛ تفسیر علّی مستقیم نشود
m2_response,مرحله ۲ / پاسخ,m2_r_request_defensive_authority,درخواست اختیار دفاعی,1248000,0.14942528735632185,coalition_fracture,شکاف ائتلافی,13992,0.011211538461538462,1.121,0.002093390804597701,0.209,0.912,5.355683438044454,ارتباط در فضای شبیه‌سازی؛ تفسیر علّی مستقیم نشود
m2_response,مرحله ۲ / پاسخ,m2_r_request_defensive_authority,درخواست اختیار دفاعی,1248000,0.14942528735632185,negotiated_deescalation,کاهش تنش مذاکره‌شده,433920,0.3476923076923077,34.769,0.3166551724137931,31.666,3.104,1.0980155638763938,ارتباط در فضای شبیه‌سازی؛ تفسیر علّی مستقیم نشود
m2_response,مرحله ۲ / پاسخ,m2_r_request_defensive_authority,درخواست اختیار دفاعی,1248000,0.14942528735632185,calm_crisis_control,مهار آرام بحران,960,0.0007692307692307692,0.077,0.0049809626436781605,0.498,-0.421,0.15443415746293082,ارتباط در فضای شبیه‌سازی؛ تفسیر علّی مستقیم نشود
m2_response,مرحله ۲ / پاسخ,m2_r_request_defensive_authority,درخواست اختیار دفاعی,1248000,0.14942528735632185,costly_deterrence,بازدارندگی پرهزینه,4797,0.00384375,0.384,0.004049568965517242,0.405,-0.021,0.949175093134646,ارتباط در فضای شبیه‌سازی؛ تفسیر علّی مستقیم نشود
m2_response,مرحله ۲ / پاسخ,m2_r_request_defensive_authority,درخواست اختیار دفاعی,1248000,0.14942528735632185,persistent_ambiguity,ابهام پایدار,457158,0.3663125,36.631,0.3905298132183908,39.053,-2.422,0.9379885673290502,ارتباط در فضای شبیه‌سازی؛ تفسیر علّی مستقیم نشود
m2_response,مرحله ۲ / پاسخ,m2_r_request_defensive_authority,درخواست اختیار دفاعی,1248000,0.14942528735632185,strategic_information_opportunity,فرصت اطلاعاتی راهبردی,151581,0.12145913461538461,12.146,0.1620944683908046,16.209,-4.064,0.7493107927813459,ارتباط در فضای شبیه‌سازی؛ تفسیر علّی مستقیم نشود
m2_response,مرحله ۲ / پاسخ,m2_r_request_defensive_authority,درخواست اختیار دفاعی,1248000,0.14942528735632185,mixed_crisis_containment,مهار نسبی بحران,50112,0.04015384615384615,4.015,0.03473491379310345,3.473,0.542,1.156008228292152,ارتباط در فضای شبیه‌سازی؛ تفسیر علّی مستقیم نشود
m2_response,مرحله ۲ / پاسخ,m2_r_deconfliction_offer,پیشنهاد رفع اصطکاک/فاصله‌گذاری,2400000,0.28735632183908044,escalation_spiral,مارپیچ تشدید,8028,0.003345,0.334,0.007275502873563219,0.728,-0.393,0.45976203406566274,ارتباط در فضای شبیه‌سازی؛ تفسیر علّی مستقیم نشود
m2_response,مرحله ۲ / پاسخ,m2_r_deconfliction_offer,پیشنهاد رفع اصطکاک/فاصله‌گذاری,2400000,0.28735632183908044,intelligence_failure,شکست اطلاعاتی,120000,0.05,5.000,0.07758620689655173,7.759,-2.759,0.6444444444444445,ارتباط در فضای شبیه‌سازی؛ تفسیر علّی مستقیم نشود
m2_response,مرحله ۲ / پاسخ,m2_r_deconfliction_offer,پیشنهاد رفع اصطکاک/فاصله‌گذاری,2400000,0.28735632183908044,coalition_fracture,شکاف ائتلافی,0,0,0.000,0.002093390804597701,0.209,-0.209,0,ارتباط در فضای شبیه‌سازی؛ تفسیر علّی مستقیم نشود
m2_response,مرحله ۲ / پاسخ,m2_r_deconfliction_offer,پیشنهاد رفع اصطکاک/فاصله‌گذاری,2400000,0.28735632183908044,negotiated_deescalation,کاهش تنش مذاکره‌شده,656400,0.2735,27.350,0.3166551724137931,31.666,-4.316,0.863715561363389,ارتباط در فضای شبیه‌سازی؛ تفسیر علّی مستقیم نشود
m2_response,مرحله ۲ / پاسخ,m2_r_deconfliction_offer,پیشنهاد رفع اصطکاک/فاصله‌گذاری,2400000,0.28735632183908044,calm_crisis_control,مهار آرام بحران,0,0,0.000,0.0049809626436781605,0.498,-0.498,0,ارتباط در فضای شبیه‌سازی؛ تفسیر علّی مستقیم نشود
m2_response,مرحله ۲ / پاسخ,m2_r_deconfliction_offer,پیشنهاد رفع اصطکاک/فاصله‌گذاری,2400000,0.28735632183908044,costly_deterrence,بازدارندگی پرهزینه,0,0,0.000,0.004049568965517242,0.405,-0.405,0,ارتباط در فضای شبیه‌سازی؛ تفسیر علّی مستقیم نشود
m2_response,مرحله ۲ / پاسخ,m2_r_deconfliction_offer,پیشنهاد رفع اصطکاک/فاصله‌گذاری,2400000,0.28735632183908044,persistent_ambiguity,ابهام پایدار,1026180,0.427575,42.758,0.3905298132183908,39.053,3.705,1.094858793177188,ارتباط در فضای شبیه‌سازی؛ تفسیر علّی مستقیم نشود
m2_response,مرحله ۲ / پاسخ,m2_r_deconfliction_offer,پیشنهاد رفع اصطکاک/فاصله‌گذاری,2400000,0.28735632183908044,strategic_information_opportunity,فرصت اطلاعاتی راهبردی,514272,0.21428,21.428,0.1620944683908046,16.209,5.219,1.3219451726346252,ارتباط در فضای شبیه‌سازی؛ تفسیر علّی مستقیم نشود
m2_response,مرحله ۲ / پاسخ,m2_r_deconfliction_offer,پیشنهاد رفع اصطکاک/فاصله‌گذاری,2400000,0.28735632183908044,mixed_crisis_containment,مهار نسبی بحران,75120,0.0313,3.130,0.03473491379310345,3.473,-0.343,0.9011106285288826,ارتباط در فضای شبیه‌سازی؛ تفسیر علّی مستقیم نشود
m2_mission,مرحله ۲ / تداوم مأموریت,m2_m_activate_fallback,فعال‌سازی ظرفیت پشتیبان,1670400,0.2,escalation_spiral,مارپیچ تشدید,9588,0.005739942528735632,0.574,0.007275502873563219,0.728,-0.154,0.7889410022216736,ارتباط در فضای شبیه‌سازی؛ تفسیر علّی مستقیم نشود
m2_mission,مرحله ۲ / تداوم مأموریت,m2_m_activate_fallback,فعال‌سازی ظرفیت پشتیبان,1670400,0.2,intelligence_failure,شکست اطلاعاتی,129600,0.07758620689655173,7.759,0.07758620689655173,7.759,0.000,1,ارتباط در فضای شبیه‌سازی؛ تفسیر علّی مستقیم نشود
m2_mission,مرحله ۲ / تداوم مأموریت,m2_m_activate_fallback,فعال‌سازی ظرفیت پشتیبان,1670400,0.2,coalition_fracture,شکاف ائتلافی,2820,0.0016882183908045977,0.169,0.002093390804597701,0.209,-0.041,0.8064516129032259,ارتباط در فضای شبیه‌سازی؛ تفسیر علّی مستقیم نشود
m2_mission,مرحله ۲ / تداوم مأموریت,m2_m_activate_fallback,فعال‌سازی ظرفیت پشتیبان,1670400,0.2,negotiated_deescalation,کاهش تنش مذاکره‌شده,537024,0.3214942528735632,32.149,0.3166551724137931,31.666,0.484,1.0152818614105774,ارتباط در فضای شبیه‌سازی؛ تفسیر علّی مستقیم نشود
m2_mission,مرحله ۲ / تداوم مأموریت,m2_m_activate_fallback,فعال‌سازی ظرفیت پشتیبان,1670400,0.2,calm_crisis_control,مهار آرام بحران,13749,0.00823096264367816,0.823,0.0049809626436781605,0.498,0.325,1.6524843152808828,ارتباط در فضای شبیه‌سازی؛ تفسیر علّی مستقیم نشود
m2_mission,مرحله ۲ / تداوم مأموریت,m2_m_activate_fallback,فعال‌سازی ظرفیت پشتیبان,1670400,0.2,costly_deterrence,بازدارندگی پرهزینه,11295,0.006761853448275862,0.676,0.004049568965517242,0.405,0.271,1.6697711548696113,ارتباط در فضای شبیه‌سازی؛ تفسیر علّی مستقیم نشود
m2_mission,مرحله ۲ / تداوم مأموریت,m2_m_activate_fallback,فعال‌سازی ظرفیت پشتیبان,1670400,0.2,persistent_ambiguity,ابهام پایدار,641286,0.3839116379310345,38.391,0.3905298132183908,39.053,-0.662,0.9830533417338478,ارتباط در فضای شبیه‌سازی؛ تفسیر علّی مستقیم نشود
m2_mission,مرحله ۲ / تداوم مأموریت,m2_m_activate_fallback,فعال‌سازی ظرفیت پشتیبان,1670400,0.2,strategic_information_opportunity,فرصت اطلاعاتی راهبردی,273411,0.16367995689655174,16.368,0.1620944683908046,16.209,0.159,1.0097812622570475,ارتباط در فضای شبیه‌سازی؛ تفسیر علّی مستقیم نشود
m2_mission,مرحله ۲ / تداوم مأموریت,m2_m_activate_fallback,فعال‌سازی ظرفیت پشتیبان,1670400,0.2,mixed_crisis_containment,مهار نسبی بحران,51627,0.030906968390804597,3.091,0.03473491379310345,3.473,-0.383,0.8897954540754068,ارتباط در فضای شبیه‌سازی؛ تفسیر علّی مستقیم نشود
m2_mission,مرحله ۲ / تداوم مأموریت,m2_m_reduce_load,کاهش بار مأموریت,1670400,0.2,escalation_spiral,مارپیچ تشدید,11574,0.006928879310344828,0.693,0.007275502873563219,0.728,-0.035,0.9523574426067637,ارتباط در فضای شبیه‌سازی؛ تفسیر علّی مستقیم نشود
m2_mission,مرحله ۲ / تداوم مأموریت,m2_m_reduce_load,کاهش بار مأموریت,1670400,0.2,intelligence_failure,شکست اطلاعاتی,129600,0.07758620689655173,7.759,0.07758620689655173,7.759,0.000,1,ارتباط در فضای شبیه‌سازی؛ تفسیر علّی مستقیم نشود
m2_mission,مرحله ۲ / تداوم مأموریت,m2_m_reduce_load,کاهش بار مأموریت,1670400,0.2,coalition_fracture,شکاف ائتلافی,2820,0.0016882183908045977,0.169,0.002093390804597701,0.209,-0.041,0.8064516129032259,ارتباط در فضای شبیه‌سازی؛ تفسیر علّی مستقیم نشود
m2_mission,مرحله ۲ / تداوم مأموریت,m2_m_reduce_load,کاهش بار مأموریت,1670400,0.2,negotiated_deescalation,کاهش تنش مذاکره‌شده,523824,0.3135919540229885,31.359,0.3166551724137931,31.666,-0.306,0.9903263276343969,ارتباط در فضای شبیه‌سازی؛ تفسیر علّی مستقیم نشود
m2_mission,مرحله ۲ / تداوم مأموریت,m2_m_reduce_load,کاهش بار مأموریت,1670400,0.2,calm_crisis_control,مهار آرام بحران,498,0.00029813218390804596,0.030,0.0049809626436781605,0.498,-0.468,0.059854330424749407,ارتباط در فضای شبیه‌سازی؛ تفسیر علّی مستقیم نشود
m2_mission,مرحله ۲ / تداوم مأموریت,m2_m_reduce_load,کاهش بار مأموریت,1670400,0.2,costly_deterrence,بازدارندگی پرهزینه,5034,0.0030136494252873563,0.301,0.004049568965517242,0.405,-0.104,0.7441901720773461,ارتباط در فضای شبیه‌سازی؛ تفسیر علّی مستقیم نشود
m2_mission,مرحله ۲ / تداوم مأموریت,m2_m_reduce_load,کاهش بار مأموریت,1670400,0.2,persistent_ambiguity,ابهام پایدار,659280,0.394683908045977,39.468,0.3905298132183908,39.053,0.415,1.010637074781441,ارتباط در فضای شبیه‌سازی؛ تفسیر علّی مستقیم نشود
m2_mission,مرحله ۲ / تداوم مأموریت,m2_m_reduce_load,کاهش بار مأموریت,1670400,0.2,strategic_information_opportunity,فرصت اطلاعاتی راهبردی,279057,0.1670599856321839,16.706,0.1620944683908046,16.209,0.497,1.030633477444817,ارتباط در فضای شبیه‌سازی؛ تفسیر علّی مستقیم نشود
m2_mission,مرحله ۲ / تداوم مأموریت,m2_m_reduce_load,کاهش بار مأموریت,1670400,0.2,mixed_crisis_containment,مهار نسبی بحران,58713,0.03514906609195402,3.515,0.03473491379310345,3.473,0.041,1.011923228061467,ارتباط در فضای شبیه‌سازی؛ تفسیر علّی مستقیم نشود
m2_mission,مرحله ۲ / تداوم مأموریت,m2_m_protective_reconfiguration,بازآرایی حفاظتی,1670400,0.2,escalation_spiral,مارپیچ تشدید,18441,0.011039870689655172,1.104,0.007275502873563219,0.728,0.376,1.517403110343125,ارتباط در فضای شبیه‌سازی؛ تفسیر علّی مستقیم نشود
m2_mission,مرحله ۲ / تداوم مأموریت,m2_m_protective_reconfiguration,بازآرایی حفاظتی,1670400,0.2,intelligence_failure,شکست اطلاعاتی,129600,0.07758620689655173,7.759,0.07758620689655173,7.759,0.000,1,ارتباط در فضای شبیه‌سازی؛ تفسیر علّی مستقیم نشود
m2_mission,مرحله ۲ / تداوم مأموریت,m2_m_protective_reconfiguration,بازآرایی حفاظتی,1670400,0.2,coalition_fracture,شکاف ائتلافی,6204,0.003714080459770115,0.371,0.002093390804597701,0.209,0.162,1.774193548387097,ارتباط در فضای شبیه‌سازی؛ تفسیر علّی مستقیم نشود
m2_mission,مرحله ۲ / تداوم مأموریت,m2_m_protective_reconfiguration,بازآرایی حفاظتی,1670400,0.2,negotiated_deescalation,کاهش تنش مذاکره‌شده,523008,0.31310344827586206,31.310,0.3166551724137931,31.666,-0.355,0.9887836219100512,ارتباط در فضای شبیه‌سازی؛ تفسیر علّی مستقیم نشود
m2_mission,مرحله ۲ / تداوم مأموریت,m2_m_protective_reconfiguration,بازآرایی حفاظتی,1670400,0.2,calm_crisis_control,مهار آرام بحران,6609,0.003956537356321839,0.396,0.0049809626436781605,0.498,-0.102,0.7943318670224273,ارتباط در فضای شبیه‌سازی؛ تفسیر علّی مستقیم نشود
m2_mission,مرحله ۲ / تداوم مأموریت,m2_m_protective_reconfiguration,بازآرایی حفاظتی,1670400,0.2,costly_deterrence,بازدارندگی پرهزینه,3213,0.001923491379310345,0.192,0.004049568965517242,0.405,-0.213,0.4749866950505588,ارتباط در فضای شبیه‌سازی؛ تفسیر علّی مستقیم نشود
m2_mission,مرحله ۲ / تداوم مأموریت,m2_m_protective_reconfiguration,بازآرایی حفاظتی,1670400,0.2,persistent_ambiguity,ابهام پایدار,662988,0.3969037356321839,39.690,0.3905298132183908,39.053,0.637,1.0163212185038193,ارتباط در فضای شبیه‌سازی؛ تفسیر علّی مستقیم نشود
m2_mission,مرحله ۲ / تداوم مأموریت,m2_m_protective_reconfiguration,بازآرایی حفاظتی,1670400,0.2,strategic_information_opportunity,فرصت اطلاعاتی راهبردی,250902,0.15020474137931034,15.020,0.1620944683908046,16.209,-1.189,0.9266493969255724,ارتباط در فضای شبیه‌سازی؛ تفسیر علّی مستقیم نشود
m2_mission,مرحله ۲ / تداوم مأموریت,m2_m_protective_reconfiguration,بازآرایی حفاظتی,1670400,0.2,mixed_crisis_containment,مهار نسبی بحران,69435,0.04156788793103448,4.157,0.03473491379310345,3.473,0.683,1.1967177514425762,ارتباط در فضای شبیه‌سازی؛ تفسیر علّی مستقیم نشود
m2_mission,مرحله ۲ / تداوم مأموریت,m2_m_split_service,تقسیم سرویس,1670400,0.2,escalation_spiral,مارپیچ تشدید,9588,0.005739942528735632,0.574,0.007275502873563219,0.728,-0.154,0.7889410022216736,ارتباط در فضای شبیه‌سازی؛ تفسیر علّی مستقیم نشود
m2_mission,مرحله ۲ / تداوم مأموریت,m2_m_split_service,تقسیم سرویس,1670400,0.2,intelligence_failure,شکست اطلاعاتی,129600,0.07758620689655173,7.759,0.07758620689655173,7.759,0.000,1,ارتباط در فضای شبیه‌سازی؛ تفسیر علّی مستقیم نشود
m2_mission,مرحله ۲ / تداوم مأموریت,m2_m_split_service,تقسیم سرویس,1670400,0.2,coalition_fracture,شکاف ائتلافی,2820,0.0016882183908045977,0.169,0.002093390804597701,0.209,-0.041,0.8064516129032259,ارتباط در فضای شبیه‌سازی؛ تفسیر علّی مستقیم نشود
m2_mission,مرحله ۲ / تداوم مأموریت,m2_m_split_service,تقسیم سرویس,1670400,0.2,negotiated_deescalation,کاهش تنش مذاکره‌شده,537024,0.3214942528735632,32.149,0.3166551724137931,31.666,0.484,1.0152818614105774,ارتباط در فضای شبیه‌سازی؛ تفسیر علّی مستقیم نشود
m2_mission,مرحله ۲ / تداوم مأموریت,m2_m_split_service,تقسیم سرویس,1670400,0.2,calm_crisis_control,مهار آرام بحران,13749,0.00823096264367816,0.823,0.0049809626436781605,0.498,0.325,1.6524843152808828,ارتباط در فضای شبیه‌سازی؛ تفسیر علّی مستقیم نشود
m2_mission,مرحله ۲ / تداوم مأموریت,m2_m_split_service,تقسیم سرویس,1670400,0.2,costly_deterrence,بازدارندگی پرهزینه,11697,0.007002514367816092,0.700,0.004049568965517242,0.405,0.295,1.7291999290402695,ارتباط در فضای شبیه‌سازی؛ تفسیر علّی مستقیم نشود
m2_mission,مرحله ۲ / تداوم مأموریت,m2_m_split_service,تقسیم سرویس,1670400,0.2,persistent_ambiguity,ابهام پایدار,641691,0.3841540948275862,38.415,0.3905298132183908,39.053,-0.638,0.9836741826743989,ارتباط در فضای شبیه‌سازی؛ تفسیر علّی مستقیم نشود
m2_mission,مرحله ۲ / تداوم مأموریت,m2_m_split_service,تقسیم سرویس,1670400,0.2,strategic_information_opportunity,فرصت اطلاعاتی راهبردی,272613,0.16320222701149426,16.320,0.1620944683908046,16.209,0.111,1.0068340309924635,ارتباط در فضای شبیه‌سازی؛ تفسیر علّی مستقیم نشود
m2_mission,مرحله ۲ / تداوم مأموریت,m2_m_split_service,تقسیم سرویس,1670400,0.2,mixed_crisis_containment,مهار نسبی بحران,51618,0.030901580459770116,3.090,0.03473491379310345,3.473,-0.383,0.8896403383590825,ارتباط در فضای شبیه‌سازی؛ تفسیر علّی مستقیم نشود
m2_investigation,مرحله ۲ / بررسی علت,m2_a_second_sensor,اعتبارسنجی با حسگر دوم,1670400,0.2,escalation_spiral,مارپیچ تشدید,11580,0.006932471264367816,0.693,0.007275502873563219,0.728,-0.034,0.9528511478647247,ارتباط در فضای شبیه‌سازی؛ تفسیر علّی مستقیم نشود
m2_investigation,مرحله ۲ / بررسی علت,m2_a_second_sensor,اعتبارسنجی با حسگر دوم,1670400,0.2,intelligence_failure,شکست اطلاعاتی,129600,0.07758620689655173,7.759,0.07758620689655173,7.759,0.000,1,ارتباط در فضای شبیه‌سازی؛ تفسیر علّی مستقیم نشود
m2_investigation,مرحله ۲ / بررسی علت,m2_a_second_sensor,اعتبارسنجی با حسگر دوم,1670400,0.2,coalition_fracture,شکاف ائتلافی,0,0,0.000,0.002093390804597701,0.209,-0.209,0,ارتباط در فضای شبیه‌سازی؛ تفسیر علّی مستقیم نشود
m2_investigation,مرحله ۲ / بررسی علت,m2_a_second_sensor,اعتبارسنجی با حسگر دوم,1670400,0.2,negotiated_deescalation,کاهش تنش مذاکره‌شده,524640,0.31408045977011495,31.408,0.3166551724137931,31.666,-0.257,0.9918690333587427,ارتباط در فضای شبیه‌سازی؛ تفسیر علّی مستقیم نشود
m2_investigation,مرحله ۲ / بررسی علت,m2_a_second_sensor,اعتبارسنجی با حسگر دوم,1670400,0.2,calm_crisis_control,مهار آرام بحران,8184,0.004899425287356322,0.490,0.0049809626436781605,0.498,-0.008,0.9836302011970867,ارتباط در فضای شبیه‌سازی؛ تفسیر علّی مستقیم نشود
m2_investigation,مرحله ۲ / بررسی علت,m2_a_second_sensor,اعتبارسنجی با حسگر دوم,1670400,0.2,costly_deterrence,بازدارندگی پرهزینه,8103,0.004850933908045977,0.485,0.004049568965517242,0.405,0.080,1.1978889480219974,ارتباط در فضای شبیه‌سازی؛ تفسیر علّی مستقیم نشود
m2_investigation,مرحله ۲ / بررسی علت,m2_a_second_sensor,اعتبارسنجی با حسگر دوم,1670400,0.2,persistent_ambiguity,ابهام پایدار,231648,0.13867816091954022,13.868,0.3905298132183908,39.053,-25.185,0.35510262270806214,ارتباط در فضای شبیه‌سازی؛ تفسیر علّی مستقیم نشود
m2_investigation,مرحله ۲ / بررسی علت,m2_a_second_sensor,اعتبارسنجی با حسگر دوم,1670400,0.2,strategic_information_opportunity,فرصت اطلاعاتی راهبردی,509193,0.30483297413793103,30.483,0.1620944683908046,16.209,14.274,1.8805883825905054,ارتباط در فضای شبیه‌سازی؛ تفسیر علّی مستقیم نشود
m2_investigation,مرحله ۲ / بررسی علت,m2_a_second_sensor,اعتبارسنجی با حسگر دوم,1670400,0.2,mixed_crisis_containment,مهار نسبی بحران,247452,0.14813936781609197,14.814,0.03473491379310345,3.473,11.340,4.264854915099998,ارتباط در فضای شبیه‌سازی؛ تفسیر علّی مستقیم نشود
m2_investigation,مرحله ۲ / بررسی علت,m2_a_ally_intel,درخواست اطلاعات متحد,1670400,0.2,escalation_spiral,مارپیچ تشدید,12231,0.007322198275862069,0.732,0.007275502873563219,0.728,0.005,1.006418168353493,ارتباط در فضای شبیه‌سازی؛ تفسیر علّی مستقیم نشود
m2_investigation,مرحله ۲ / بررسی علت,m2_a_ally_intel,درخواست اطلاعات متحد,1670400,0.2,intelligence_failure,شکست اطلاعاتی,129600,0.07758620689655173,7.759,0.07758620689655173,7.759,0.000,1,ارتباط در فضای شبیه‌سازی؛ تفسیر علّی مستقیم نشود
m2_investigation,مرحله ۲ / بررسی علت,m2_a_ally_intel,درخواست اطلاعات متحد,1670400,0.2,coalition_fracture,شکاف ائتلافی,1152,0.000689655172413793,0.069,0.002093390804597701,0.209,-0.140,0.32944406314344543,ارتباط در فضای شبیه‌سازی؛ تفسیر علّی مستقیم نشود
m2_investigation,مرحله ۲ / بررسی علت,m2_a_ally_intel,درخواست اطلاعات متحد,1670400,0.2,negotiated_deescalation,کاهش تنش مذاکره‌شده,524160,0.3137931034482759,31.379,0.3166551724137931,31.666,-0.286,0.9909615594032452,ارتباط در فضای شبیه‌سازی؛ تفسیر علّی مستقیم نشود
m2_investigation,مرحله ۲ / بررسی علت,m2_a_ally_intel,درخواست اطلاعات متحد,1670400,0.2,calm_crisis_control,مهار آرام بحران,8184,0.004899425287356322,0.490,0.0049809626436781605,0.498,-0.008,0.9836302011970867,ارتباط در فضای شبیه‌سازی؛ تفسیر علّی مستقیم نشود
m2_investigation,مرحله ۲ / بررسی علت,m2_a_ally_intel,درخواست اطلاعات متحد,1670400,0.2,costly_deterrence,بازدارندگی پرهزینه,7632,0.004568965517241379,0.457,0.004049568965517242,0.405,0.052,1.128259712613092,ارتباط در فضای شبیه‌سازی؛ تفسیر علّی مستقیم نشود
m2_investigation,مرحله ۲ / بررسی علت,m2_a_ally_intel,درخواست اطلاعات متحد,1670400,0.2,persistent_ambiguity,ابهام پایدار,634062,0.3795869252873563,37.959,0.3905298132183908,39.053,-1.094,0.9719793788831301,ارتباط در فضای شبیه‌سازی؛ تفسیر علّی مستقیم نشود
m2_investigation,مرحله ۲ / بررسی علت,m2_a_ally_intel,درخواست اطلاعات متحد,1670400,0.2,strategic_information_opportunity,فرصت اطلاعاتی راهبردی,310725,0.18601831896551724,18.602,0.1620944683908046,16.209,2.392,1.1475920234183008,ارتباط در فضای شبیه‌سازی؛ تفسیر علّی مستقیم نشود
m2_investigation,مرحله ۲ / بررسی علت,m2_a_ally_intel,درخواست اطلاعات متحد,1670400,0.2,mixed_crisis_containment,مهار نسبی بحران,42654,0.02553520114942529,2.554,0.03473491379310345,3.473,-0.920,0.7351450849000021,ارتباط در فضای شبیه‌سازی؛ تفسیر علّی مستقیم نشود
m2_investigation,مرحله ۲ / بررسی علت,m2_a_commercial_validation,اعتبارسنجی تجاری,1670400,0.2,escalation_spiral,مارپیچ تشدید,12318,0.007374281609195402,0.737,0.007275502873563219,0.728,0.010,1.0135768945939274,ارتباط در فضای شبیه‌سازی؛ تفسیر علّی مستقیم نشود
m2_investigation,مرحله ۲ / بررسی علت,m2_a_commercial_validation,اعتبارسنجی تجاری,1670400,0.2,intelligence_failure,شکست اطلاعاتی,129600,0.07758620689655173,7.759,0.07758620689655173,7.759,0.000,1,ارتباط در فضای شبیه‌سازی؛ تفسیر علّی مستقیم نشود
m2_investigation,مرحله ۲ / بررسی علت,m2_a_commercial_validation,اعتبارسنجی تجاری,1670400,0.2,coalition_fracture,شکاف ائتلافی,4668,0.0027945402298850575,0.279,0.002093390804597701,0.209,0.070,1.3349347975291697,ارتباط در فضای شبیه‌سازی؛ تفسیر علّی مستقیم نشود
m2_investigation,مرحله ۲ / بررسی علت,m2_a_commercial_validation,اعتبارسنجی تجاری,1670400,0.2,negotiated_deescalation,کاهش تنش مذاکره‌شده,521760,0.31235632183908046,31.236,0.3166551724137931,31.666,-0.430,0.9864241896257577,ارتباط در فضای شبیه‌سازی؛ تفسیر علّی مستقیم نشود
m2_investigation,مرحله ۲ / بررسی علت,m2_a_commercial_validation,اعتبارسنجی تجاری,1670400,0.2,calm_crisis_control,مهار آرام بحران,7980,0.004777298850574712,0.478,0.0049809626436781605,0.498,-0.020,0.9591115598182737,ارتباط در فضای شبیه‌سازی؛ تفسیر علّی مستقیم نشود
m2_investigation,مرحله ۲ / بررسی علت,m2_a_commercial_validation,اعتبارسنجی تجاری,1670400,0.2,costly_deterrence,بازدارندگی پرهزینه,6003,0.00359375,0.359,0.004049568965517242,0.405,-0.046,0.8874401277275146,ارتباط در فضای شبیه‌سازی؛ تفسیر علّی مستقیم نشود
m2_investigation,مرحله ۲ / بررسی علت,m2_a_commercial_validation,اعتبارسنجی تجاری,1670400,0.2,persistent_ambiguity,ابهام پایدار,732933,0.4387769396551724,43.878,0.3905298132183908,39.053,4.825,1.1235427483478733,ارتباط در فضای شبیه‌سازی؛ تفسیر علّی مستقیم نشود
m2_investigation,مرحله ۲ / بررسی علت,m2_a_commercial_validation,اعتبارسنجی تجاری,1670400,0.2,strategic_information_opportunity,فرصت اطلاعاتی راهبردی,255138,0.15274066091954022,15.274,0.1620944683908046,16.209,-0.935,0.9422940982247917,ارتباط در فضای شبیه‌سازی؛ تفسیر علّی مستقیم نشود
m2_investigation,مرحله ۲ / بررسی علت,m2_a_commercial_validation,اعتبارسنجی تجاری,1670400,0.2,mixed_crisis_containment,مهار نسبی بحران,0,0,0.000,0.03473491379310345,3.473,-3.473,0,ارتباط در فضای شبیه‌سازی؛ تفسیر علّی مستقیم نشود
m2_investigation,مرحله ۲ / بررسی علت,m2_a_act_with_current_data,اقدام با داده موجود,1670400,0.2,escalation_spiral,مارپیچ تشدید,12321,0.007376077586206896,0.738,0.007275502873563219,0.728,0.010,1.013823747222908,ارتباط در فضای شبیه‌سازی؛ تفسیر علّی مستقیم نشود
m2_investigation,مرحله ۲ / بررسی علت,m2_a_act_with_current_data,اقدام با داده موجود,1670400,0.2,intelligence_failure,شکست اطلاعاتی,129600,0.07758620689655173,7.759,0.07758620689655173,7.759,0.000,1,ارتباط در فضای شبیه‌سازی؛ تفسیر علّی مستقیم نشود
m2_investigation,مرحله ۲ / بررسی علت,m2_a_act_with_current_data,اقدام با داده موجود,1670400,0.2,coalition_fracture,شکاف ائتلافی,5832,0.0034913793103448277,0.349,0.002093390804597701,0.209,0.140,1.6678105696636927,ارتباط در فضای شبیه‌سازی؛ تفسیر علّی مستقیم نشود
m2_investigation,مرحله ۲ / بررسی علت,m2_a_act_with_current_data,اقدام با داده موجود,1670400,0.2,negotiated_deescalation,کاهش تنش مذاکره‌شده,552192,0.33057471264367816,33.057,0.3166551724137931,31.666,1.392,1.043958038404298,ارتباط در فضای شبیه‌سازی؛ تفسیر علّی مستقیم نشود
m2_investigation,مرحله ۲ / بررسی علت,m2_a_act_with_current_data,اقدام با داده موجود,1670400,0.2,calm_crisis_control,مهار آرام بحران,9171,0.005490301724137931,0.549,0.0049809626436781605,0.498,0.051,1.1022571572798732,ارتباط در فضای شبیه‌سازی؛ تفسیر علّی مستقیم نشود
m2_investigation,مرحله ۲ / بررسی علت,m2_a_act_with_current_data,اقدام با داده موجود,1670400,0.2,costly_deterrence,بازدارندگی پرهزینه,5589,0.003345905172413793,0.335,0.004049568965517242,0.405,-0.070,0.8262373602980309,ارتباط در فضای شبیه‌سازی؛ تفسیر علّی مستقیم نشود
m2_investigation,مرحله ۲ / بررسی علت,m2_a_act_with_current_data,اقدام با داده موجود,1670400,0.2,persistent_ambiguity,ابهام پایدار,928167,0.5556555316091955,55.566,0.3905298132183908,39.053,16.513,1.422824872267725,ارتباط در فضای شبیه‌سازی؛ تفسیر علّی مستقیم نشود
m2_investigation,مرحله ۲ / بررسی علت,m2_a_act_with_current_data,اقدام با داده موجود,1670400,0.2,strategic_information_opportunity,فرصت اطلاعاتی راهبردی,27528,0.016479885057471264,1.648,0.1620944683908046,16.209,-14.561,0.10166839881135725,ارتباط در فضای شبیه‌سازی؛ تفسیر علّی مستقیم نشود
m2_investigation,مرحله ۲ / بررسی علت,m2_a_act_with_current_data,اقدام با داده موجود,1670400,0.2,mixed_crisis_containment,مهار نسبی بحران,0,0,0.000,0.03473491379310345,3.473,-3.473,0,ارتباط در فضای شبیه‌سازی؛ تفسیر علّی مستقیم نشود
m1_communication,مرحله ۱ / ارتباط,m1_c_private,تنش‌زدایی خصوصی,1670400,0.2,escalation_spiral,مارپیچ تشدید,2325,0.001391882183908046,0.139,0.007275502873563219,0.728,-0.588,0.19131078745988644,ارتباط در فضای شبیه‌سازی؛ تفسیر علّی مستقیم نشود
m1_communication,مرحله ۱ / ارتباط,m1_c_private,تنش‌زدایی خصوصی,1670400,0.2,intelligence_failure,شکست اطلاعاتی,129600,0.07758620689655173,7.759,0.07758620689655173,7.759,0.000,1,ارتباط در فضای شبیه‌سازی؛ تفسیر علّی مستقیم نشود
m1_communication,مرحله ۱ / ارتباط,m1_c_private,تنش‌زدایی خصوصی,1670400,0.2,coalition_fracture,شکاف ائتلافی,0,0,0.000,0.002093390804597701,0.209,-0.209,0,ارتباط در فضای شبیه‌سازی؛ تفسیر علّی مستقیم نشود
m1_communication,مرحله ۱ / ارتباط,m1_c_private,تنش‌زدایی خصوصی,1670400,0.2,negotiated_deescalation,کاهش تنش مذاکره‌شده,529920,0.31724137931034485,31.724,0.3166551724137931,31.666,0.059,1.001851246869215,ارتباط در فضای شبیه‌سازی؛ تفسیر علّی مستقیم نشود
m1_communication,مرحله ۱ / ارتباط,m1_c_private,تنش‌زدایی خصوصی,1670400,0.2,calm_crisis_control,مهار آرام بحران,10158,0.00608117816091954,0.608,0.0049809626436781605,0.498,0.110,1.2208841133626596,ارتباط در فضای شبیه‌سازی؛ تفسیر علّی مستقیم نشود
m1_communication,مرحله ۱ / ارتباط,m1_c_private,تنش‌زدایی خصوصی,1670400,0.2,costly_deterrence,بازدارندگی پرهزینه,5091,0.003047772988505747,0.305,0.004049568965517242,0.405,-0.100,0.7526166400567678,ارتباط در فضای شبیه‌سازی؛ تفسیر علّی مستقیم نشود
m1_communication,مرحله ۱ / ارتباط,m1_c_private,تنش‌زدایی خصوصی,1670400,0.2,persistent_ambiguity,ابهام پایدار,623313,0.3731519396551724,37.315,0.3905298132183908,39.053,-1.738,0.9555018004387276,ارتباط در فضای شبیه‌سازی؛ تفسیر علّی مستقیم نشود
m1_communication,مرحله ۱ / ارتباط,m1_c_private,تنش‌زدایی خصوصی,1670400,0.2,strategic_information_opportunity,فرصت اطلاعاتی راهبردی,326946,0.19572916666666668,19.573,0.1620944683908046,16.209,3.363,1.207500592770198,ارتباط در فضای شبیه‌سازی؛ تفسیر علّی مستقیم نشود
m1_communication,مرحله ۱ / ارتباط,m1_c_private,تنش‌زدایی خصوصی,1670400,0.2,mixed_crisis_containment,مهار نسبی بحران,43047,0.025770474137931036,2.577,0.03473491379310345,3.473,-0.896,0.7419184711794999,ارتباط در فضای شبیه‌سازی؛ تفسیر علّی مستقیم نشود
m1_communication,مرحله ۱ / ارتباط,m1_c_allies,هماهنگی با متحدان,1670400,0.2,escalation_spiral,مارپیچ تشدید,4635,0.0027747844827586206,0.277,0.007275502873563219,0.728,-0.450,0.38138731177487034,ارتباط در فضای شبیه‌سازی؛ تفسیر علّی مستقیم نشود
m1_communication,مرحله ۱ / ارتباط,m1_c_allies,هماهنگی با متحدان,1670400,0.2,intelligence_failure,شکست اطلاعاتی,129600,0.07758620689655173,7.759,0.07758620689655173,7.759,0.000,1,ارتباط در فضای شبیه‌سازی؛ تفسیر علّی مستقیم نشود
m1_communication,مرحله ۱ / ارتباط,m1_c_allies,هماهنگی با متحدان,1670400,0.2,coalition_fracture,شکاف ائتلافی,0,0,0.000,0.002093390804597701,0.209,-0.209,0,ارتباط در فضای شبیه‌سازی؛ تفسیر علّی مستقیم نشود
m1_communication,مرحله ۱ / ارتباط,m1_c_allies,هماهنگی با متحدان,1670400,0.2,negotiated_deescalation,کاهش تنش مذاکره‌شده,529920,0.31724137931034485,31.724,0.3166551724137931,31.666,0.059,1.001851246869215,ارتباط در فضای شبیه‌سازی؛ تفسیر علّی مستقیم نشود
m1_communication,مرحله ۱ / ارتباط,m1_c_allies,هماهنگی با متحدان,1670400,0.2,calm_crisis_control,مهار آرام بحران,8571,0.00513110632183908,0.513,0.0049809626436781605,0.498,0.015,1.0301435061657171,ارتباط در فضای شبیه‌سازی؛ تفسیر علّی مستقیم نشود
m1_communication,مرحله ۱ / ارتباط,m1_c_allies,هماهنگی با متحدان,1670400,0.2,costly_deterrence,بازدارندگی پرهزینه,6858,0.004105603448275862,0.411,0.004049568965517242,0.405,0.006,1.0138371474188397,ارتباط در فضای شبیه‌سازی؛ تفسیر علّی مستقیم نشود
m1_communication,مرحله ۱ / ارتباط,m1_c_allies,هماهنگی با متحدان,1670400,0.2,persistent_ambiguity,ابهام پایدار,636861,0.38126257183908047,38.126,0.3905298132183908,39.053,-0.927,0.9762700796056051,ارتباط در فضای شبیه‌سازی؛ تفسیر علّی مستقیم نشود
m1_communication,مرحله ۱ / ارتباط,m1_c_allies,هماهنگی با متحدان,1670400,0.2,strategic_information_opportunity,فرصت اطلاعاتی راهبردی,300306,0.1797808908045977,17.978,0.1620944683908046,16.209,1.769,1.109111819726949,ارتباط در فضای شبیه‌سازی؛ تفسیر علّی مستقیم نشود
m1_communication,مرحله ۱ / ارتباط,m1_c_allies,هماهنگی با متحدان,1670400,0.2,mixed_crisis_containment,مهار نسبی بحران,53649,0.032117456896551724,3.212,0.03473491379310345,3.473,-0.262,0.9246447850096171,ارتباط در فضای شبیه‌سازی؛ تفسیر علّی مستقیم نشود
m1_communication,مرحله ۱ / ارتباط,m1_c_public_warning,هشدار عمومی,1670400,0.2,escalation_spiral,مارپیچ تشدید,46266,0.02769755747126437,2.770,0.007275502873563219,0.728,2.042,3.80696124413725,ارتباط در فضای شبیه‌سازی؛ تفسیر علّی مستقیم نشود
m1_communication,مرحله ۱ / ارتباط,m1_c_public_warning,هشدار عمومی,1670400,0.2,intelligence_failure,شکست اطلاعاتی,129600,0.07758620689655173,7.759,0.07758620689655173,7.759,0.000,1,ارتباط در فضای شبیه‌سازی؛ تفسیر علّی مستقیم نشود
m1_communication,مرحله ۱ / ارتباط,m1_c_public_warning,هشدار عمومی,1670400,0.2,coalition_fracture,شکاف ائتلافی,17484,0.010466954022988506,1.047,0.002093390804597701,0.209,0.837,5,ارتباط در فضای شبیه‌سازی؛ تفسیر علّی مستقیم نشود
m1_communication,مرحله ۱ / ارتباط,m1_c_public_warning,هشدار عمومی,1670400,0.2,negotiated_deescalation,کاهش تنش مذاکره‌شده,525024,0.3143103448275862,31.431,0.3166551724137931,31.666,-0.234,0.9925950125231405,ارتباط در فضای شبیه‌سازی؛ تفسیر علّی مستقیم نشود
m1_communication,مرحله ۱ / ارتباط,m1_c_public_warning,هشدار عمومی,1670400,0.2,calm_crisis_control,مهار آرام بحران,4479,0.0026813936781609196,0.268,0.0049809626436781605,0.498,-0.230,0.5383284055671739,ارتباط در فضای شبیه‌سازی؛ تفسیر علّی مستقیم نشود
m1_communication,مرحله ۱ / ارتباط,m1_c_public_warning,هشدار عمومی,1670400,0.2,costly_deterrence,بازدارندگی پرهزینه,10698,0.006404454022988506,0.640,0.004049568965517242,0.405,0.235,1.581514990243037,ارتباط در فضای شبیه‌سازی؛ تفسیر علّی مستقیم نشود
m1_communication,مرحله ۱ / ارتباط,m1_c_public_warning,هشدار عمومی,1670400,0.2,persistent_ambiguity,ابهام پایدار,757023,0.45319863505747127,45.320,0.3905298132183908,39.053,6.267,1.1604712872562049,ارتباط در فضای شبیه‌سازی؛ تفسیر علّی مستقیم نشود
m1_communication,مرحله ۱ / ارتباط,m1_c_public_warning,هشدار عمومی,1670400,0.2,strategic_information_opportunity,فرصت اطلاعاتی راهبردی,94722,0.05670617816091954,5.671,0.1620944683908046,16.209,-10.539,0.34983413514274125,ارتباط در فضای شبیه‌سازی؛ تفسیر علّی مستقیم نشود
m1_communication,مرحله ۱ / ارتباط,m1_c_public_warning,هشدار عمومی,1670400,0.2,mixed_crisis_containment,مهار نسبی بحران,85104,0.050948275862068966,5.095,0.03473491379310345,3.473,1.621,1.4667742135633182,ارتباط در فضای شبیه‌سازی؛ تفسیر علّی مستقیم نشود
m1_communication,مرحله ۱ / ارتباط,m1_c_private_allied,تماس خصوصی همراه هماهنگی محدود متحدان,1670400,0.2,escalation_spiral,مارپیچ تشدید,2904,0.0017385057471264369,0.174,0.007275502873563219,0.728,-0.554,0.2389533448531227,ارتباط در فضای شبیه‌سازی؛ تفسیر علّی مستقیم نشود
m1_communication,مرحله ۱ / ارتباط,m1_c_private_allied,تماس خصوصی همراه هماهنگی محدود متحدان,1670400,0.2,intelligence_failure,شکست اطلاعاتی,129600,0.07758620689655173,7.759,0.07758620689655173,7.759,0.000,1,ارتباط در فضای شبیه‌سازی؛ تفسیر علّی مستقیم نشود
m1_communication,مرحله ۱ / ارتباط,m1_c_private_allied,تماس خصوصی همراه هماهنگی محدود متحدان,1670400,0.2,coalition_fracture,شکاف ائتلافی,0,0,0.000,0.002093390804597701,0.209,-0.209,0,ارتباط در فضای شبیه‌سازی؛ تفسیر علّی مستقیم نشود
m1_communication,مرحله ۱ / ارتباط,m1_c_private_allied,تماس خصوصی همراه هماهنگی محدود متحدان,1670400,0.2,negotiated_deescalation,کاهش تنش مذاکره‌شده,529920,0.31724137931034485,31.724,0.3166551724137931,31.666,0.059,1.001851246869215,ارتباط در فضای شبیه‌سازی؛ تفسیر علّی مستقیم نشود
m1_communication,مرحله ۱ / ارتباط,m1_c_private_allied,تماس خصوصی همراه هماهنگی محدود متحدان,1670400,0.2,calm_crisis_control,مهار آرام بحران,9822,0.005880028735632184,0.588,0.0049809626436781605,0.498,0.090,1.1805004687387324,ارتباط در فضای شبیه‌سازی؛ تفسیر علّی مستقیم نشود
m1_communication,مرحله ۱ / ارتباط,m1_c_private_allied,تماس خصوصی همراه هماهنگی محدود متحدان,1670400,0.2,costly_deterrence,بازدارندگی پرهزینه,5589,0.003345905172413793,0.335,0.004049568965517242,0.405,-0.070,0.8262373602980309,ارتباط در فضای شبیه‌سازی؛ تفسیر علّی مستقیم نشود
m1_communication,مرحله ۱ / ارتباط,m1_c_private_allied,تماس خصوصی همراه هماهنگی محدود متحدان,1670400,0.2,persistent_ambiguity,ابهام پایدار,608784,0.36445402298850577,36.445,0.3905298132183908,39.053,-2.608,0.9332297065491821,ارتباط در فضای شبیه‌سازی؛ تفسیر علّی مستقیم نشود
m1_communication,مرحله ۱ / ارتباط,m1_c_private_allied,تماس خصوصی همراه هماهنگی محدود متحدان,1670400,0.2,strategic_information_opportunity,فرصت اطلاعاتی راهبردی,329124,0.1970330459770115,19.703,0.1620944683908046,16.209,3.494,1.2155445397554905,ارتباط در فضای شبیه‌سازی؛ تفسیر علّی مستقیم نشود
m1_communication,مرحله ۱ / ارتباط,m1_c_private_allied,تماس خصوصی همراه هماهنگی محدود متحدان,1670400,0.2,mixed_crisis_containment,مهار نسبی بحران,54657,0.03272090517241379,3.272,0.03473491379310345,3.473,-0.201,0.9420177452379475,ارتباط در فضای شبیه‌سازی؛ تفسیر علّی مستقیم نشود
m1_protection,مرحله ۱ / حفاظت,m1_p_covert_readiness,افزایش آمادگی پنهان,2088000,0.25,escalation_spiral,مارپیچ تشدید,6486,0.0031063218390804596,0.311,0.007275502873563219,0.728,-0.417,0.4269563070846704,ارتباط در فضای شبیه‌سازی؛ تفسیر علّی مستقیم نشود
m1_protection,مرحله ۱ / حفاظت,m1_p_covert_readiness,افزایش آمادگی پنهان,2088000,0.25,intelligence_failure,شکست اطلاعاتی,162000,0.07758620689655173,7.759,0.07758620689655173,7.759,0.000,1,ارتباط در فضای شبیه‌سازی؛ تفسیر علّی مستقیم نشود
m1_protection,مرحله ۱ / حفاظت,m1_p_covert_readiness,افزایش آمادگی پنهان,2088000,0.25,coalition_fracture,شکاف ائتلافی,4533,0.0021709770114942527,0.217,0.002093390804597701,0.209,0.008,1.0370624571036375,ارتباط در فضای شبیه‌سازی؛ تفسیر علّی مستقیم نشود
m1_protection,مرحله ۱ / حفاظت,m1_p_covert_readiness,افزایش آمادگی پنهان,2088000,0.25,negotiated_deescalation,کاهش تنش مذاکره‌شده,661176,0.3166551724137931,31.666,0.3166551724137931,31.666,0.000,1,ارتباط در فضای شبیه‌سازی؛ تفسیر علّی مستقیم نشود
m1_protection,مرحله ۱ / حفاظت,m1_p_covert_readiness,افزایش آمادگی پنهان,2088000,0.25,calm_crisis_control,مهار آرام بحران,13770,0.0065948275862068965,0.659,0.0049809626436781605,0.498,0.161,1.3240066344559027,ارتباط در فضای شبیه‌سازی؛ تفسیر علّی مستقیم نشود
m1_protection,مرحله ۱ / حفاظت,m1_p_covert_readiness,افزایش آمادگی پنهان,2088000,0.25,costly_deterrence,بازدارندگی پرهزینه,4155,0.0019899425287356323,0.199,0.004049568965517242,0.405,-0.206,0.4913961326946958,ارتباط در فضای شبیه‌سازی؛ تفسیر علّی مستقیم نشود
m1_protection,مرحله ۱ / حفاظت,m1_p_covert_readiness,افزایش آمادگی پنهان,2088000,0.25,persistent_ambiguity,ابهام پایدار,805428,0.3857413793103448,38.574,0.3905298132183908,39.053,-0.479,0.9877386213652062,ارتباط در فضای شبیه‌سازی؛ تفسیر علّی مستقیم نشود
m1_protection,مرحله ۱ / حفاظت,m1_p_covert_readiness,افزایش آمادگی پنهان,2088000,0.25,strategic_information_opportunity,فرصت اطلاعاتی راهبردی,375087,0.17963936781609197,17.964,0.1620944683908046,16.209,1.754,1.1082387301643581,ارتباط در فضای شبیه‌سازی؛ تفسیر علّی مستقیم نشود
m1_protection,مرحله ۱ / حفاظت,m1_p_covert_readiness,افزایش آمادگی پنهان,2088000,0.25,mixed_crisis_containment,مهار نسبی بحران,55365,0.02651580459770115,2.652,0.03473491379310345,3.473,-0.822,0.7633761452710388,ارتباط در فضای شبیه‌سازی؛ تفسیر علّی مستقیم نشود
m1_protection,مرحله ۱ / حفاظت,m1_p_visible_protection,حفاظت آشکار و برگشت‌پذیر,2088000,0.25,escalation_spiral,مارپیچ تشدید,16404,0.007856321839080459,0.786,0.007275502873563219,0.728,0.058,1.079832140212293,ارتباط در فضای شبیه‌سازی؛ تفسیر علّی مستقیم نشود
m1_protection,مرحله ۱ / حفاظت,m1_p_visible_protection,حفاظت آشکار و برگشت‌پذیر,2088000,0.25,intelligence_failure,شکست اطلاعاتی,162000,0.07758620689655173,7.759,0.07758620689655173,7.759,0.000,1,ارتباط در فضای شبیه‌سازی؛ تفسیر علّی مستقیم نشود
m1_protection,مرحله ۱ / حفاظت,m1_p_visible_protection,حفاظت آشکار و برگشت‌پذیر,2088000,0.25,coalition_fracture,شکاف ائتلافی,4344,0.0020804597701149425,0.208,0.002093390804597701,0.209,-0.001,0.9938229238160604,ارتباط در فضای شبیه‌سازی؛ تفسیر علّی مستقیم نشود
m1_protection,مرحله ۱ / حفاظت,m1_p_visible_protection,حفاظت آشکار و برگشت‌پذیر,2088000,0.25,negotiated_deescalation,کاهش تنش مذاکره‌شده,661176,0.3166551724137931,31.666,0.3166551724137931,31.666,0.000,1,ارتباط در فضای شبیه‌سازی؛ تفسیر علّی مستقیم نشود
m1_protection,مرحله ۱ / حفاظت,m1_p_visible_protection,حفاظت آشکار و برگشت‌پذیر,2088000,0.25,calm_crisis_control,مهار آرام بحران,9888,0.004735632183908046,0.474,0.0049809626436781605,0.498,-0.025,0.9507463762890316,ارتباط در فضای شبیه‌سازی؛ تفسیر علّی مستقیم نشود
m1_protection,مرحله ۱ / حفاظت,m1_p_visible_protection,حفاظت آشکار و برگشت‌پذیر,2088000,0.25,costly_deterrence,بازدارندگی پرهزینه,9369,0.004487068965517241,0.449,0.004049568965517242,0.405,0.044,1.10803618946248,ارتباط در فضای شبیه‌سازی؛ تفسیر علّی مستقیم نشود
m1_protection,مرحله ۱ / حفاظت,m1_p_visible_protection,حفاظت آشکار و برگشت‌پذیر,2088000,0.25,persistent_ambiguity,ابهام پایدار,817857,0.3916939655172414,39.169,0.3905298132183908,39.053,0.116,1.0029809562790013,ارتباط در فضای شبیه‌سازی؛ تفسیر علّی مستقیم نشود
m1_protection,مرحله ۱ / حفاظت,m1_p_visible_protection,حفاظت آشکار و برگشت‌پذیر,2088000,0.25,strategic_information_opportunity,فرصت اطلاعاتی راهبردی,326439,0.15634051724137932,15.634,0.1620944683908046,16.209,-0.575,0.9645024829869413,ارتباط در فضای شبیه‌سازی؛ تفسیر علّی مستقیم نشود
m1_protection,مرحله ۱ / حفاظت,m1_p_visible_protection,حفاظت آشکار و برگشت‌پذیر,2088000,0.25,mixed_crisis_containment,مهار نسبی بحران,80523,0.038564655172413795,3.856,0.03473491379310345,3.473,0.383,1.1102562511633678,ارتباط در فضای شبیه‌سازی؛ تفسیر علّی مستقیم نشود
m1_protection,مرحله ۱ / حفاظت,m1_p_mission_reposition,بازآرایی محسوس مأموریت,2088000,0.25,escalation_spiral,مارپیچ تشدید,32877,0.015745689655172413,1.575,0.007275502873563219,0.728,0.847,2.1642063687978275,ارتباط در فضای شبیه‌سازی؛ تفسیر علّی مستقیم نشود
m1_protection,مرحله ۱ / حفاظت,m1_p_mission_reposition,بازآرایی محسوس مأموریت,2088000,0.25,intelligence_failure,شکست اطلاعاتی,162000,0.07758620689655173,7.759,0.07758620689655173,7.759,0.000,1,ارتباط در فضای شبیه‌سازی؛ تفسیر علّی مستقیم نشود
m1_protection,مرحله ۱ / حفاظت,m1_p_mission_reposition,بازآرایی محسوس مأموریت,2088000,0.25,coalition_fracture,شکاف ائتلافی,4047,0.0019382183908045977,0.194,0.002093390804597701,0.209,-0.016,0.9258750857927248,ارتباط در فضای شبیه‌سازی؛ تفسیر علّی مستقیم نشود
m1_protection,مرحله ۱ / حفاظت,m1_p_mission_reposition,بازآرایی محسوس مأموریت,2088000,0.25,negotiated_deescalation,کاهش تنش مذاکره‌شده,661176,0.3166551724137931,31.666,0.3166551724137931,31.666,0.000,1,ارتباط در فضای شبیه‌سازی؛ تفسیر علّی مستقیم نشود
m1_protection,مرحله ۱ / حفاظت,m1_p_mission_reposition,بازآرایی محسوس مأموریت,2088000,0.25,calm_crisis_control,مهار آرام بحران,3300,0.0015804597701149425,0.158,0.0049809626436781605,0.498,-0.340,0.317300064902286,ارتباط در فضای شبیه‌سازی؛ تفسیر علّی مستقیم نشود
m1_protection,مرحله ۱ / حفاظت,m1_p_mission_reposition,بازآرایی محسوس مأموریت,2088000,0.25,costly_deterrence,بازدارندگی پرهزینه,16875,0.008081896551724138,0.808,0.004049568965517242,0.405,0.403,1.9957424161788186,ارتباط در فضای شبیه‌سازی؛ تفسیر علّی مستقیم نشود
m1_protection,مرحله ۱ / حفاظت,m1_p_mission_reposition,بازآرایی محسوس مأموریت,2088000,0.25,persistent_ambiguity,ابهام پایدار,836691,0.40071408045977014,40.071,0.3905298132183908,39.053,1.018,1.0260780787962125,ارتباط در فضای شبیه‌سازی؛ تفسیر علّی مستقیم نشود
m1_protection,مرحله ۱ / حفاظت,m1_p_mission_reposition,بازآرایی محسوس مأموریت,2088000,0.25,strategic_information_opportunity,فرصت اطلاعاتی راهبردی,267699,0.12820833333333334,12.821,0.1620944683908046,16.209,-3.389,0.7909482328800211,ارتباط در فضای شبیه‌سازی؛ تفسیر علّی مستقیم نشود
m1_protection,مرحله ۱ / حفاظت,m1_p_mission_reposition,بازآرایی محسوس مأموریت,2088000,0.25,mixed_crisis_containment,مهار نسبی بحران,103335,0.049489942528735634,4.949,0.03473491379310345,3.473,1.476,1.4247895596781865,ارتباط در فضای شبیه‌سازی؛ تفسیر علّی مستقیم نشود
m1_information,مرحله ۱ / اطلاعات,m1_i_dedicated_ssa,تخصیص پایش اختصاصی SSA,2088000,0.25,escalation_spiral,مارپیچ تشدید,15165,0.007262931034482759,0.726,0.007275502873563219,0.728,-0.001,0.9982720315971365,ارتباط در فضای شبیه‌سازی؛ تفسیر علّی مستقیم نشود
m1_information,مرحله ۱ / اطلاعات,m1_i_dedicated_ssa,تخصیص پایش اختصاصی SSA,2088000,0.25,intelligence_failure,شکست اطلاعاتی,162000,0.07758620689655173,7.759,0.07758620689655173,7.759,0.000,1,ارتباط در فضای شبیه‌سازی؛ تفسیر علّی مستقیم نشود
m1_information,مرحله ۱ / اطلاعات,m1_i_dedicated_ssa,تخصیص پایش اختصاصی SSA,2088000,0.25,coalition_fracture,شکاف ائتلافی,4668,0.002235632183908046,0.224,0.002093390804597701,0.209,0.014,1.0679478380233356,ارتباط در فضای شبیه‌سازی؛ تفسیر علّی مستقیم نشود
m1_information,مرحله ۱ / اطلاعات,m1_i_dedicated_ssa,تخصیص پایش اختصاصی SSA,2088000,0.25,negotiated_deescalation,کاهش تنش مذاکره‌شده,685440,0.32827586206896553,32.828,0.3166551724137931,31.666,1.162,1.036698246760318,ارتباط در فضای شبیه‌سازی؛ تفسیر علّی مستقیم نشود
m1_information,مرحله ۱ / اطلاعات,m1_i_dedicated_ssa,تخصیص پایش اختصاصی SSA,2088000,0.25,calm_crisis_control,مهار آرام بحران,11109,0.005320402298850575,0.532,0.0049809626436781605,0.498,0.034,1.0681474003028775,ارتباط در فضای شبیه‌سازی؛ تفسیر علّی مستقیم نشود
m1_information,مرحله ۱ / اطلاعات,m1_i_dedicated_ssa,تخصیص پایش اختصاصی SSA,2088000,0.25,costly_deterrence,بازدارندگی پرهزینه,10032,0.004804597701149426,0.480,0.004049568965517242,0.405,0.076,1.1864466915025724,ارتباط در فضای شبیه‌سازی؛ تفسیر علّی مستقیم نشود
m1_information,مرحله ۱ / اطلاعات,m1_i_dedicated_ssa,تخصیص پایش اختصاصی SSA,2088000,0.25,persistent_ambiguity,ابهام پایدار,706188,0.3382126436781609,33.821,0.3905298132183908,39.053,-5.232,0.8660354017300766,ارتباط در فضای شبیه‌سازی؛ تفسیر علّی مستقیم نشود
m1_information,مرحله ۱ / اطلاعات,m1_i_dedicated_ssa,تخصیص پایش اختصاصی SSA,2088000,0.25,strategic_information_opportunity,فرصت اطلاعاتی راهبردی,423354,0.2027557471264368,20.276,0.1620944683908046,16.209,4.066,1.250849267956505,ارتباط در فضای شبیه‌سازی؛ تفسیر علّی مستقیم نشود
m1_information,مرحله ۱ / اطلاعات,m1_i_dedicated_ssa,تخصیص پایش اختصاصی SSA,2088000,0.25,mixed_crisis_containment,مهار نسبی بحران,70044,0.033545977011494255,3.355,0.03473491379310345,3.473,-0.119,0.9657711319310872,ارتباط در فضای شبیه‌سازی؛ تفسیر علّی مستقیم نشود
m1_information,مرحله ۱ / اطلاعات,m1_i_commercial,اعتبارسنجی با داده تجاری مستقل,2088000,0.25,escalation_spiral,مارپیچ تشدید,15228,0.007293103448275862,0.729,0.007275502873563219,0.728,0.002,1.0024191557640088,ارتباط در فضای شبیه‌سازی؛ تفسیر علّی مستقیم نشود
m1_information,مرحله ۱ / اطلاعات,m1_i_commercial,اعتبارسنجی با داده تجاری مستقل,2088000,0.25,intelligence_failure,شکست اطلاعاتی,162000,0.07758620689655173,7.759,0.07758620689655173,7.759,0.000,1,ارتباط در فضای شبیه‌سازی؛ تفسیر علّی مستقیم نشود
m1_information,مرحله ۱ / اطلاعات,m1_i_commercial,اعتبارسنجی با داده تجاری مستقل,2088000,0.25,coalition_fracture,شکاف ائتلافی,6408,0.0030689655172413794,0.307,0.002093390804597701,0.209,0.098,1.4660260809883323,ارتباط در فضای شبیه‌سازی؛ تفسیر علّی مستقیم نشود
m1_information,مرحله ۱ / اطلاعات,m1_i_commercial,اعتبارسنجی با داده تجاری مستقل,2088000,0.25,negotiated_deescalation,کاهش تنش مذاکره‌شده,652032,0.3122758620689655,31.228,0.3166551724137931,31.666,-0.438,0.9861700969182184,ارتباط در فضای شبیه‌سازی؛ تفسیر علّی مستقیم نشود
m1_information,مرحله ۱ / اطلاعات,m1_i_commercial,اعتبارسنجی با داده تجاری مستقل,2088000,0.25,calm_crisis_control,مهار آرام بحران,10062,0.00481896551724138,0.482,0.0049809626436781605,0.498,-0.016,0.9674767433475159,ارتباط در فضای شبیه‌سازی؛ تفسیر علّی مستقیم نشود
m1_information,مرحله ۱ / اطلاعات,m1_i_commercial,اعتبارسنجی با داده تجاری مستقل,2088000,0.25,costly_deterrence,بازدارندگی پرهزینه,7158,0.00342816091954023,0.343,0.004049568965517242,0.405,-0.062,0.8465495831115841,ارتباط در فضای شبیه‌سازی؛ تفسیر علّی مستقیم نشود
m1_information,مرحله ۱ / اطلاعات,m1_i_commercial,اعتبارسنجی با داده تجاری مستقل,2088000,0.25,persistent_ambiguity,ابهام پایدار,762726,0.3652902298850575,36.529,0.3905298132183908,39.053,-2.524,0.935370917970816,ارتباط در فضای شبیه‌سازی؛ تفسیر علّی مستقیم نشود
m1_information,مرحله ۱ / اطلاعات,m1_i_commercial,اعتبارسنجی با داده تجاری مستقل,2088000,0.25,strategic_information_opportunity,فرصت اطلاعاتی راهبردی,408864,0.195816091954023,19.582,0.1620944683908046,16.209,3.372,1.2080368559025507,ارتباط در فضای شبیه‌سازی؛ تفسیر علّی مستقیم نشود
m1_information,مرحله ۱ / اطلاعات,m1_i_commercial,اعتبارسنجی با داده تجاری مستقل,2088000,0.25,mixed_crisis_containment,مهار نسبی بحران,63522,0.03042241379310345,3.042,0.03473491379310345,3.473,-0.431,0.8758453806539679,ارتباط در فضای شبیه‌سازی؛ تفسیر علّی مستقیم نشود
m1_information,مرحله ۱ / اطلاعات,m1_i_allied_network,فعال‌سازی شبکه اطلاعاتی متحدان,2088000,0.25,escalation_spiral,مارپیچ تشدید,15147,0.0072543103448275865,0.725,0.007275502873563219,0.728,-0.002,0.9970871389780301,ارتباط در فضای شبیه‌سازی؛ تفسیر علّی مستقیم نشود
m1_information,مرحله ۱ / اطلاعات,m1_i_allied_network,فعال‌سازی شبکه اطلاعاتی متحدان,2088000,0.25,intelligence_failure,شکست اطلاعاتی,162000,0.07758620689655173,7.759,0.07758620689655173,7.759,0.000,1,ارتباط در فضای شبیه‌سازی؛ تفسیر علّی مستقیم نشود
m1_information,مرحله ۱ / اطلاعات,m1_i_allied_network,فعال‌سازی شبکه اطلاعاتی متحدان,2088000,0.25,coalition_fracture,شکاف ائتلافی,0,0,0.000,0.002093390804597701,0.209,-0.209,0,ارتباط در فضای شبیه‌سازی؛ تفسیر علّی مستقیم نشود
m1_information,مرحله ۱ / اطلاعات,m1_i_allied_network,فعال‌سازی شبکه اطلاعاتی متحدان,2088000,0.25,negotiated_deescalation,کاهش تنش مذاکره‌شده,654720,0.3135632183908046,31.356,0.3166551724137931,31.666,-0.309,0.9902355802388472,ارتباط در فضای شبیه‌سازی؛ تفسیر علّی مستقیم نشود
m1_information,مرحله ۱ / اطلاعات,m1_i_allied_network,فعال‌سازی شبکه اطلاعاتی متحدان,2088000,0.25,calm_crisis_control,مهار آرام بحران,10266,0.004916666666666666,0.492,0.0049809626436781605,0.498,-0.006,0.9870916564505662,ارتباط در فضای شبیه‌سازی؛ تفسیر علّی مستقیم نشود
m1_information,مرحله ۱ / اطلاعات,m1_i_allied_network,فعال‌سازی شبکه اطلاعاتی متحدان,2088000,0.25,costly_deterrence,بازدارندگی پرهزینه,9057,0.004337643678160919,0.434,0.004049568965517242,0.405,0.029,1.0711371296789072,ارتباط در فضای شبیه‌سازی؛ تفسیر علّی مستقیم نشود
m1_information,مرحله ۱ / اطلاعات,m1_i_allied_network,فعال‌سازی شبکه اطلاعاتی متحدان,2088000,0.25,persistent_ambiguity,ابهام پایدار,693654,0.3322097701149425,33.221,0.3905298132183908,39.053,-5.832,0.8506642998063896,ارتباط در فضای شبیه‌سازی؛ تفسیر علّی مستقیم نشود
m1_information,مرحله ۱ / اطلاعات,m1_i_allied_network,فعال‌سازی شبکه اطلاعاتی متحدان,2088000,0.25,strategic_information_opportunity,فرصت اطلاعاتی راهبردی,445164,0.21320114942528737,21.320,0.1620944683908046,16.209,5.111,1.3152894823731196,ارتباط در فضای شبیه‌سازی؛ تفسیر علّی مستقیم نشود
m1_information,مرحله ۱ / اطلاعات,m1_i_allied_network,فعال‌سازی شبکه اطلاعاتی متحدان,2088000,0.25,mixed_crisis_containment,مهار نسبی بحران,97992,0.04693103448275862,4.693,0.03473491379310345,3.473,1.220,1.351119935471862,ارتباط در فضای شبیه‌سازی؛ تفسیر علّی مستقیم نشود
